0 verbose cli D:\Node js installe\node.exe C:\Users\DELL\AppData\Roaming\npm\node_modules\npm\bin\npm-cli.js
1 info using npm@11.0.0
2 info using node@v22.12.0
3 silly config load:file:C:\Users\DELL\AppData\Roaming\npm\node_modules\npm\npmrc
4 silly config load:file:D:\crop_site\frontend\.npmrc
5 silly config load:file:C:\Users\DELL\.npmrc
6 silly config load:file:C:\Users\DELL\AppData\Roaming\npm\etc\npmrc
7 verbose title npm install
8 verbose argv "install" "--cache" "d:\\crop_site\\npm-cache"
9 verbose logfile logs-max:10 dir:d:\crop_site\npm-cache\_logs\2026-05-24T13_48_20_467Z-
10 verbose logfile d:\crop_site\npm-cache\_logs\2026-05-24T13_48_20_467Z-debug-0.log
11 silly logfile done cleaning log files
12 silly packumentCache heap:4345298944 maxSize:1086324736 maxEntrySize:543162368
13 silly idealTree buildDeps
14 silly fetch manifest react@^19.2.6
15 silly packumentCache full:https://registry.npmjs.org/react cache-miss
16 http fetch GET 200 https://registry.npmjs.org/npm 299ms
17 http fetch GET 200 https://registry.npmjs.org/react 549ms (cache miss)
18 silly packumentCache full:https://registry.npmjs.org/react set size:undefined disposed:false
19 silly fetch manifest react-dom@^19.2.6
20 silly packumentCache full:https://registry.npmjs.org/react-dom cache-miss
21 http fetch GET 200 https://registry.npmjs.org/react-dom 446ms (cache miss)
22 silly packumentCache full:https://registry.npmjs.org/react-dom set size:undefined disposed:false
23 silly fetch manifest @eslint/js@^10.0.1
24 silly packumentCache full:https://registry.npmjs.org/@eslint%2fjs cache-miss
25 http fetch GET 200 https://registry.npmjs.org/@eslint%2fjs 72ms (cache miss)
26 silly packumentCache full:https://registry.npmjs.org/@eslint%2fjs set size:undefined disposed:false
27 silly fetch manifest eslint@^10.3.0
28 silly packumentCache full:https://registry.npmjs.org/eslint cache-miss
29 http fetch GET 200 https://registry.npmjs.org/eslint 119ms (cache miss)
30 silly packumentCache full:https://registry.npmjs.org/eslint set size:undefined disposed:false
31 silly fetch manifest jiti@*
32 silly packumentCache full:https://registry.npmjs.org/jiti cache-miss
33 http fetch GET 200 https://registry.npmjs.org/jiti 93ms (cache miss)
34 silly packumentCache full:https://registry.npmjs.org/jiti set size:undefined disposed:false
35 silly fetch manifest @types/react@^19.2.14
36 silly packumentCache full:https://registry.npmjs.org/@types%2freact cache-miss
37 http fetch GET 200 https://registry.npmjs.org/@types%2freact 196ms (cache miss)
38 silly packumentCache full:https://registry.npmjs.org/@types%2freact set size:undefined disposed:false
39 silly fetch manifest @types/react-dom@^19.2.3
40 silly packumentCache full:https://registry.npmjs.org/@types%2freact-dom cache-miss
41 http fetch GET 200 https://registry.npmjs.org/@types%2freact-dom 113ms (cache miss)
42 silly packumentCache full:https://registry.npmjs.org/@types%2freact-dom set size:undefined disposed:false
43 silly fetch manifest @vitejs/plugin-react@^6.0.1
44 silly packumentCache full:https://registry.npmjs.org/@vitejs%2fplugin-react cache-miss
45 http fetch GET 200 https://registry.npmjs.org/@vitejs%2fplugin-react 112ms (cache miss)
46 silly packumentCache full:https://registry.npmjs.org/@vitejs%2fplugin-react set size:undefined disposed:false
47 silly fetch manifest @rolldown/plugin-babel@^0.1.7 || ^0.2.0
48 silly packumentCache full:https://registry.npmjs.org/@rolldown%2fplugin-babel cache-miss
49 http fetch GET 200 https://registry.npmjs.org/@rolldown%2fplugin-babel 78ms (cache miss)
50 silly packumentCache full:https://registry.npmjs.org/@rolldown%2fplugin-babel set size:undefined disposed:false
51 silly fetch manifest @babel/core@^7.29.0 || ^8.0.0-rc.1
52 silly packumentCache full:https://registry.npmjs.org/@babel%2fcore cache-miss
53 http fetch GET 200 https://registry.npmjs.org/@babel%2fcore 105ms (cache miss)
54 silly packumentCache full:https://registry.npmjs.org/@babel%2fcore set size:undefined disposed:false
55 silly fetch manifest @babel/plugin-transform-runtime@^7.29.0 || ^8.0.0-rc.1
56 silly packumentCache full:https://registry.npmjs.org/@babel%2fplugin-transform-runtime cache-miss
57 http fetch GET 200 https://registry.npmjs.org/@babel%2fplugin-transform-runtime 91ms (cache miss)
58 silly packumentCache full:https://registry.npmjs.org/@babel%2fplugin-transform-runtime set size:undefined disposed:false
59 silly fetch manifest @babel/runtime@^7.27.0 || ^8.0.0-rc.1
60 silly packumentCache full:https://registry.npmjs.org/@babel%2fruntime cache-miss
61 http fetch GET 200 https://registry.npmjs.org/@babel%2fruntime 182ms (cache miss)
62 silly packumentCache full:https://registry.npmjs.org/@babel%2fruntime set size:undefined disposed:false
63 silly fetch manifest rolldown@^1.0.0-rc.5
64 silly packumentCache full:https://registry.npmjs.org/rolldown cache-miss
65 http fetch GET 200 https://registry.npmjs.org/rolldown 156ms (cache miss)
66 silly packumentCache full:https://registry.npmjs.org/rolldown set size:undefined disposed:false
67 silly fetch manifest vite@^8.0.12
68 silly packumentCache full:https://registry.npmjs.org/vite cache-miss
69 http fetch GET 200 https://registry.npmjs.org/vite 1676ms (cache miss)
70 silly packumentCache full:https://registry.npmjs.org/vite set size:undefined disposed:false
71 silly fetch manifest @types/node@^20.19.0 || >=22.12.0
72 silly packumentCache full:https://registry.npmjs.org/@types%2fnode cache-miss
73 http fetch GET 200 https://registry.npmjs.org/@types%2fnode 509ms (cache miss)
74 silly fetch manifest @vitejs/devtools@^0.1.18
75 silly packumentCache full:https://registry.npmjs.org/@vitejs%2fdevtools cache-miss
76 http fetch GET 200 https://registry.npmjs.org/@vitejs%2fdevtools 101ms (cache miss)
77 silly packumentCache full:https://registry.npmjs.org/@vitejs%2fdevtools set size:undefined disposed:false
78 silly fetch manifest esbuild@^0.27.0 || ^0.28.0
79 silly packumentCache full:https://registry.npmjs.org/esbuild cache-miss
80 http fetch GET 200 https://registry.npmjs.org/esbuild 177ms (cache miss)
81 silly packumentCache full:https://registry.npmjs.org/esbuild set size:undefined disposed:false
82 silly fetch manifest jiti@>=1.21.0
83 silly packumentCache full:https://registry.npmjs.org/jiti cache-miss
84 http cache https://registry.npmjs.org/jiti 16ms (cache hit)
85 silly packumentCache full:https://registry.npmjs.org/jiti set size:387989 disposed:false
86 silly fetch manifest less@^4.0.0
87 silly packumentCache full:https://registry.npmjs.org/less cache-miss
88 http fetch GET 200 https://registry.npmjs.org/less 74ms (cache miss)
89 silly packumentCache full:https://registry.npmjs.org/less set size:undefined disposed:false
90 silly fetch manifest sass@^1.70.0
91 silly packumentCache full:https://registry.npmjs.org/sass cache-miss
92 http fetch GET 200 https://registry.npmjs.org/sass 115ms (cache miss)
93 silly packumentCache full:https://registry.npmjs.org/sass set size:undefined disposed:false
94 silly fetch manifest sass-embedded@^1.70.0
95 silly packumentCache full:https://registry.npmjs.org/sass-embedded cache-miss
96 http fetch GET 200 https://registry.npmjs.org/sass-embedded 353ms (cache miss)
97 silly packumentCache full:https://registry.npmjs.org/sass-embedded set size:undefined disposed:false
98 silly fetch manifest stylus@>=0.54.8
99 silly packumentCache full:https://registry.npmjs.org/stylus cache-miss
100 http fetch GET 200 https://registry.npmjs.org/stylus 157ms (cache miss)
101 silly packumentCache full:https://registry.npmjs.org/stylus set size:undefined disposed:false
102 silly fetch manifest sugarss@^5.0.0
103 silly packumentCache full:https://registry.npmjs.org/sugarss cache-miss
104 http fetch GET 200 https://registry.npmjs.org/sugarss 88ms (cache miss)
105 silly packumentCache full:https://registry.npmjs.org/sugarss set size:undefined disposed:false
106 silly fetch manifest postcss@^8.3.3
107 silly packumentCache full:https://registry.npmjs.org/postcss cache-miss
108 http fetch GET 200 https://registry.npmjs.org/postcss 112ms (cache miss)
109 silly packumentCache full:https://registry.npmjs.org/postcss set size:undefined disposed:false
110 silly fetch manifest terser@^5.16.0
111 silly packumentCache full:https://registry.npmjs.org/terser cache-miss
112 http fetch GET 200 https://registry.npmjs.org/terser 139ms (cache miss)
113 silly packumentCache full:https://registry.npmjs.org/terser set size:undefined disposed:false
114 silly fetch manifest tsx@^4.8.1
115 silly packumentCache full:https://registry.npmjs.org/tsx cache-miss
116 http fetch GET 200 https://registry.npmjs.org/tsx 70ms (cache miss)
117 silly packumentCache full:https://registry.npmjs.org/tsx set size:undefined disposed:false
118 silly fetch manifest yaml@^2.4.2
119 silly packumentCache full:https://registry.npmjs.org/yaml cache-miss
120 http fetch GET 200 https://registry.npmjs.org/yaml 119ms (cache miss)
121 silly packumentCache full:https://registry.npmjs.org/yaml set size:undefined disposed:false
122 silly fetch manifest babel-plugin-react-compiler@^1.0.0
123 silly packumentCache full:https://registry.npmjs.org/babel-plugin-react-compiler cache-miss
124 http fetch GET 200 https://registry.npmjs.org/babel-plugin-react-compiler 121ms (cache miss)
125 silly packumentCache full:https://registry.npmjs.org/babel-plugin-react-compiler set size:undefined disposed:false
126 silly fetch manifest eslint-plugin-react-hooks@^7.1.1
127 silly packumentCache full:https://registry.npmjs.org/eslint-plugin-react-hooks cache-miss
128 http fetch GET 200 https://registry.npmjs.org/eslint-plugin-react-hooks 450ms (cache miss)
129 silly packumentCache full:https://registry.npmjs.org/eslint-plugin-react-hooks set size:undefined disposed:false
130 silly fetch manifest eslint-plugin-react-refresh@^0.5.2
131 silly packumentCache full:https://registry.npmjs.org/eslint-plugin-react-refresh cache-miss
132 http fetch GET 200 https://registry.npmjs.org/eslint-plugin-react-refresh 85ms (cache miss)
133 silly packumentCache full:https://registry.npmjs.org/eslint-plugin-react-refresh set size:undefined disposed:false
134 silly fetch manifest globals@^17.6.0
135 silly packumentCache full:https://registry.npmjs.org/globals cache-miss
136 http fetch GET 200 https://registry.npmjs.org/globals 65ms (cache miss)
137 silly packumentCache full:https://registry.npmjs.org/globals set size:undefined disposed:false
138 silly fetch manifest @types/node@^20.19.0 || >=22.12.0
139 silly packumentCache full:https://registry.npmjs.org/@types%2fnode cache-miss
140 http fetch GET 200 https://registry.npmjs.org/@types%2fnode 451ms (cache miss)
141 silly packumentCache full:https://registry.npmjs.org/@types%2fnode set size:undefined disposed:false
142 silly placeDep ROOT @eslint/js@10.0.1 OK for: frontend@0.0.0 want: ^10.0.1
143 silly placeDep ROOT @types/react@19.2.15 OK for: frontend@0.0.0 want: ^19.2.14
144 silly placeDep ROOT @types/react-dom@19.2.3 OK for: frontend@0.0.0 want: ^19.2.3
145 silly placeDep ROOT @vitejs/plugin-react@6.0.2 OK for: frontend@0.0.0 want: ^6.0.1
146 silly placeDep ROOT vite@8.0.14 OK for: @vitejs/plugin-react@6.0.2 want: ^8.0.0
147 silly placeDep ROOT eslint@10.4.0 OK for: frontend@0.0.0 want: ^10.3.0
148 silly placeDep ROOT eslint-plugin-react-hooks@7.1.1 OK for: frontend@0.0.0 want: ^7.1.1
149 silly placeDep ROOT eslint-plugin-react-refresh@0.5.2 OK for: frontend@0.0.0 want: ^0.5.2
150 silly placeDep ROOT globals@17.6.0 OK for: frontend@0.0.0 want: ^17.6.0
151 silly placeDep ROOT react@19.2.6 OK for: frontend@0.0.0 want: ^19.2.6
152 silly placeDep ROOT react-dom@19.2.6 OK for: frontend@0.0.0 want: ^19.2.6
153 silly fetch manifest csstype@^3.2.2
154 silly packumentCache full:https://registry.npmjs.org/csstype cache-miss
155 silly fetch manifest @rolldown/pluginutils@^1.0.0
156 silly packumentCache full:https://registry.npmjs.org/@rolldown%2fpluginutils cache-miss
157 silly fetch manifest lightningcss@^1.32.0
158 silly packumentCache full:https://registry.npmjs.org/lightningcss cache-miss
159 silly fetch manifest picomatch@^4.0.4
160 silly packumentCache full:https://registry.npmjs.org/picomatch cache-miss
161 silly fetch manifest postcss@^8.5.15
162 silly packumentCache full:https://registry.npmjs.org/postcss cache-miss
163 silly fetch manifest rolldown@1.0.2
164 silly packumentCache full:https://registry.npmjs.org/rolldown cache-miss
165 silly fetch manifest tinyglobby@^0.2.16
166 silly packumentCache full:https://registry.npmjs.org/tinyglobby cache-miss
167 silly fetch manifest fsevents@~2.3.3
168 silly packumentCache full:https://registry.npmjs.org/fsevents cache-miss
169 silly fetch manifest @eslint-community/eslint-utils@^4.8.0
170 silly packumentCache full:https://registry.npmjs.org/@eslint-community%2feslint-utils cache-miss
171 silly fetch manifest @eslint-community/regexpp@^4.12.2
172 silly packumentCache full:https://registry.npmjs.org/@eslint-community%2fregexpp cache-miss
173 silly fetch manifest @eslint/config-array@^0.23.5
174 silly packumentCache full:https://registry.npmjs.org/@eslint%2fconfig-array cache-miss
175 http cache https://registry.npmjs.org/postcss 28ms (cache hit)
176 silly packumentCache full:https://registry.npmjs.org/postcss set size:723316 disposed:false
177 silly fetch manifest @eslint/config-helpers@^0.6.0
178 silly packumentCache full:https://registry.npmjs.org/@eslint%2fconfig-helpers cache-miss
179 http cache https://registry.npmjs.org/rolldown 48ms (cache hit)
180 silly packumentCache full:https://registry.npmjs.org/rolldown set size:3713182 disposed:false
181 silly fetch manifest @eslint/core@^1.2.1
182 silly packumentCache full:https://registry.npmjs.org/@eslint%2fcore cache-miss
183 http fetch GET 200 https://registry.npmjs.org/@eslint%2fconfig-helpers 259ms (cache miss)
184 silly packumentCache full:https://registry.npmjs.org/@eslint%2fconfig-helpers set size:undefined disposed:false
185 silly fetch manifest @eslint/plugin-kit@^0.7.1
186 silly packumentCache full:https://registry.npmjs.org/@eslint%2fplugin-kit cache-miss
187 http fetch GET 200 https://registry.npmjs.org/tinyglobby 302ms (cache miss)
188 silly packumentCache full:https://registry.npmjs.org/tinyglobby set size:undefined disposed:false
189 silly fetch manifest @humanfs/node@^0.16.6
190 silly packumentCache full:https://registry.npmjs.org/@humanfs%2fnode cache-miss
191 http fetch GET 200 https://registry.npmjs.org/@eslint-community%2feslint-utils 326ms (cache miss)
192 silly packumentCache full:https://registry.npmjs.org/@eslint-community%2feslint-utils set size:undefined disposed:false
193 silly fetch manifest @humanwhocodes/module-importer@^1.0.1
194 silly packumentCache full:https://registry.npmjs.org/@humanwhocodes%2fmodule-importer cache-miss
195 http fetch GET 200 https://registry.npmjs.org/csstype 332ms (cache miss)
196 silly packumentCache full:https://registry.npmjs.org/csstype set size:undefined disposed:false
197 silly fetch manifest @humanwhocodes/retry@^0.4.2
198 silly packumentCache full:https://registry.npmjs.org/@humanwhocodes%2fretry cache-miss
199 http fetch GET 200 https://registry.npmjs.org/@eslint-community%2fregexpp 355ms (cache miss)
200 silly packumentCache full:https://registry.npmjs.org/@eslint-community%2fregexpp set size:undefined disposed:false
201 silly fetch manifest @types/estree@^1.0.6
202 silly packumentCache full:https://registry.npmjs.org/@types%2festree cache-miss
203 http fetch GET 200 https://registry.npmjs.org/@rolldown%2fpluginutils 365ms (cache miss)
204 silly packumentCache full:https://registry.npmjs.org/@rolldown%2fpluginutils set size:undefined disposed:false
205 silly fetch manifest ajv@^6.14.0
206 silly packumentCache full:https://registry.npmjs.org/ajv cache-miss
207 http fetch GET 200 https://registry.npmjs.org/@eslint%2fconfig-array 405ms (cache miss)
208 silly packumentCache full:https://registry.npmjs.org/@eslint%2fconfig-array set size:undefined disposed:false
209 silly fetch manifest cross-spawn@^7.0.6
210 silly packumentCache full:https://registry.npmjs.org/cross-spawn cache-miss
211 http fetch GET 200 https://registry.npmjs.org/picomatch 413ms (cache miss)
212 silly packumentCache full:https://registry.npmjs.org/picomatch set size:undefined disposed:false
213 silly fetch manifest debug@^4.3.2
214 silly packumentCache full:https://registry.npmjs.org/debug cache-miss
215 http fetch GET 200 https://registry.npmjs.org/lightningcss 434ms (cache miss)
216 silly packumentCache full:https://registry.npmjs.org/lightningcss set size:undefined disposed:false
217 silly fetch manifest escape-string-regexp@^4.0.0
218 silly packumentCache full:https://registry.npmjs.org/escape-string-regexp cache-miss
219 http fetch GET 200 https://registry.npmjs.org/@eslint%2fcore 343ms (cache miss)
220 silly packumentCache full:https://registry.npmjs.org/@eslint%2fcore set size:undefined disposed:false
221 silly fetch manifest eslint-scope@^9.1.2
222 silly packumentCache full:https://registry.npmjs.org/eslint-scope cache-miss
223 http fetch GET 200 https://registry.npmjs.org/@eslint%2fplugin-kit 186ms (cache miss)
224 silly packumentCache full:https://registry.npmjs.org/@eslint%2fplugin-kit set size:undefined disposed:false
225 silly fetch manifest eslint-visitor-keys@^5.0.1
226 silly packumentCache full:https://registry.npmjs.org/eslint-visitor-keys cache-miss
227 http fetch GET 200 https://registry.npmjs.org/fsevents 488ms (cache miss)
228 silly packumentCache full:https://registry.npmjs.org/fsevents set size:undefined disposed:false
229 silly fetch manifest espree@^11.2.0
230 silly packumentCache full:https://registry.npmjs.org/espree cache-miss
231 http fetch GET 200 https://registry.npmjs.org/@humanfs%2fnode 194ms (cache miss)
232 silly packumentCache full:https://registry.npmjs.org/@humanfs%2fnode set size:undefined disposed:false
233 silly fetch manifest esquery@^1.7.0
234 silly packumentCache full:https://registry.npmjs.org/esquery cache-miss
235 http fetch GET 200 https://registry.npmjs.org/@humanwhocodes%2fmodule-importer 189ms (cache miss)
236 silly packumentCache full:https://registry.npmjs.org/@humanwhocodes%2fmodule-importer set size:undefined disposed:false
237 silly fetch manifest esutils@^2.0.2
238 silly packumentCache full:https://registry.npmjs.org/esutils cache-miss
239 http fetch GET 200 https://registry.npmjs.org/@humanwhocodes%2fretry 185ms (cache miss)
240 silly packumentCache full:https://registry.npmjs.org/@humanwhocodes%2fretry set size:undefined disposed:false
241 silly fetch manifest fast-deep-equal@^3.1.3
242 silly packumentCache full:https://registry.npmjs.org/fast-deep-equal cache-miss
243 http fetch GET 200 https://registry.npmjs.org/@types%2festree 212ms (cache miss)
244 silly packumentCache full:https://registry.npmjs.org/@types%2festree set size:undefined disposed:false
245 silly fetch manifest file-entry-cache@^8.0.0
246 silly packumentCache full:https://registry.npmjs.org/file-entry-cache cache-miss
247 http fetch GET 200 https://registry.npmjs.org/escape-string-regexp 146ms (cache miss)
248 silly packumentCache full:https://registry.npmjs.org/escape-string-regexp set size:undefined disposed:false
249 silly fetch manifest find-up@^5.0.0
250 silly packumentCache full:https://registry.npmjs.org/find-up cache-miss
251 http fetch GET 200 https://registry.npmjs.org/cross-spawn 205ms (cache miss)
252 silly packumentCache full:https://registry.npmjs.org/cross-spawn set size:undefined disposed:false
253 silly fetch manifest glob-parent@^6.0.2
254 silly packumentCache full:https://registry.npmjs.org/glob-parent cache-miss
255 http fetch GET 200 https://registry.npmjs.org/eslint-visitor-keys 182ms (cache miss)
256 silly packumentCache full:https://registry.npmjs.org/eslint-visitor-keys set size:undefined disposed:false
257 silly fetch manifest ignore@^5.2.0
258 silly packumentCache full:https://registry.npmjs.org/ignore cache-miss
259 http fetch GET 200 https://registry.npmjs.org/debug 296ms (cache miss)
260 silly packumentCache full:https://registry.npmjs.org/debug set size:undefined disposed:false
261 silly fetch manifest imurmurhash@^0.1.4
262 silly packumentCache full:https://registry.npmjs.org/imurmurhash cache-miss
263 http fetch GET 200 https://registry.npmjs.org/eslint-scope 284ms (cache miss)
264 silly packumentCache full:https://registry.npmjs.org/eslint-scope set size:undefined disposed:false
265 silly fetch manifest is-glob@^4.0.0
266 silly packumentCache full:https://registry.npmjs.org/is-glob cache-miss
267 http fetch GET 200 https://registry.npmjs.org/esquery 278ms (cache miss)
268 silly packumentCache full:https://registry.npmjs.org/esquery set size:undefined disposed:false
269 silly fetch manifest json-stable-stringify-without-jsonify@^1.0.1
270 silly packumentCache full:https://registry.npmjs.org/json-stable-stringify-without-jsonify cache-miss
271 http fetch GET 200 https://registry.npmjs.org/esutils 264ms (cache miss)
272 silly packumentCache full:https://registry.npmjs.org/esutils set size:undefined disposed:false
273 silly fetch manifest minimatch@^10.2.4
274 silly packumentCache full:https://registry.npmjs.org/minimatch cache-miss
275 http fetch GET 200 https://registry.npmjs.org/espree 321ms (cache miss)
276 silly packumentCache full:https://registry.npmjs.org/espree set size:undefined disposed:false
277 silly fetch manifest natural-compare@^1.4.0
278 silly packumentCache full:https://registry.npmjs.org/natural-compare cache-miss
279 http fetch GET 200 https://registry.npmjs.org/fast-deep-equal 313ms (cache miss)
280 silly packumentCache full:https://registry.npmjs.org/fast-deep-equal set size:undefined disposed:false
281 silly fetch manifest optionator@^0.9.3
282 silly packumentCache full:https://registry.npmjs.org/optionator cache-miss
283 http fetch GET 200 https://registry.npmjs.org/file-entry-cache 292ms (cache miss)
284 silly packumentCache full:https://registry.npmjs.org/file-entry-cache set size:undefined disposed:false
285 silly fetch manifest zod@^3.25.0 || ^4.0.0
286 silly packumentCache full:https://registry.npmjs.org/zod cache-miss
287 http fetch GET 200 https://registry.npmjs.org/find-up 295ms (cache miss)
288 silly packumentCache full:https://registry.npmjs.org/find-up set size:undefined disposed:false
289 silly fetch manifest @babel/core@^7.24.4
290 silly packumentCache full:https://registry.npmjs.org/@babel%2fcore cache-miss
291 http fetch GET 200 https://registry.npmjs.org/glob-parent 302ms (cache miss)
292 silly packumentCache full:https://registry.npmjs.org/glob-parent set size:undefined disposed:false
293 silly fetch manifest @babel/parser@^7.24.4
294 silly packumentCache full:https://registry.npmjs.org/@babel%2fparser cache-miss
295 http fetch GET 200 https://registry.npmjs.org/imurmurhash 256ms (cache miss)
296 silly packumentCache full:https://registry.npmjs.org/imurmurhash set size:undefined disposed:false
297 silly fetch manifest hermes-parser@^0.25.1
298 silly packumentCache full:https://registry.npmjs.org/hermes-parser cache-miss
299 http fetch GET 200 https://registry.npmjs.org/is-glob 252ms (cache miss)
300 silly packumentCache full:https://registry.npmjs.org/is-glob set size:undefined disposed:false
301 silly fetch manifest zod-validation-error@^3.5.0 || ^4.0.0
302 silly packumentCache full:https://registry.npmjs.org/zod-validation-error cache-miss
303 http fetch GET 200 https://registry.npmjs.org/json-stable-stringify-without-jsonify 212ms (cache miss)
304 silly packumentCache full:https://registry.npmjs.org/json-stable-stringify-without-jsonify set size:undefined disposed:false
305 silly fetch manifest scheduler@^0.27.0
306 silly packumentCache full:https://registry.npmjs.org/scheduler cache-miss
307 http cache https://registry.npmjs.org/@babel%2fcore 141ms (cache hit)
308 silly packumentCache full:https://registry.npmjs.org/@babel%2fcore set size:768033 disposed:false
309 http fetch GET 200 https://registry.npmjs.org/natural-compare 220ms (cache miss)
310 silly packumentCache full:https://registry.npmjs.org/natural-compare set size:undefined disposed:false
311 http fetch GET 200 https://registry.npmjs.org/ignore 389ms (cache miss)
312 silly packumentCache full:https://registry.npmjs.org/ignore set size:undefined disposed:false
313 http fetch GET 200 https://registry.npmjs.org/optionator 249ms (cache miss)
314 silly packumentCache full:https://registry.npmjs.org/optionator set size:undefined disposed:false
315 http fetch GET 200 https://registry.npmjs.org/ajv 764ms (cache miss)
316 silly packumentCache full:https://registry.npmjs.org/ajv set size:undefined disposed:false
317 http fetch GET 200 https://registry.npmjs.org/zod-validation-error 183ms (cache miss)
318 silly packumentCache full:https://registry.npmjs.org/zod-validation-error set size:undefined disposed:false
319 http fetch GET 200 https://registry.npmjs.org/minimatch 389ms (cache miss)
320 silly packumentCache full:https://registry.npmjs.org/minimatch set size:undefined disposed:false
321 http fetch GET 200 https://registry.npmjs.org/hermes-parser 205ms (cache miss)
322 silly packumentCache full:https://registry.npmjs.org/hermes-parser set size:undefined disposed:false
323 http fetch GET 200 https://registry.npmjs.org/@babel%2fparser 283ms (cache miss)
324 silly packumentCache full:https://registry.npmjs.org/@babel%2fparser set size:undefined disposed:false
325 http fetch GET 200 https://registry.npmjs.org/zod 388ms (cache miss)
326 silly packumentCache full:https://registry.npmjs.org/zod set size:undefined disposed:false
327 http fetch GET 200 https://registry.npmjs.org/scheduler 497ms (cache miss)
328 silly packumentCache full:https://registry.npmjs.org/scheduler set size:undefined disposed:false
329 silly placeDep ROOT csstype@3.2.3 OK for: @types/react@19.2.15 want: ^3.2.2
330 silly placeDep ROOT @rolldown/pluginutils@1.0.1 OK for: @vitejs/plugin-react@6.0.2 want: ^1.0.0
331 silly fetch manifest eslint@^6.0.0 || ^7.0.0 || >=8.0.0
332 silly packumentCache full:https://registry.npmjs.org/eslint cache-miss
333 http cache https://registry.npmjs.org/eslint 23ms (cache hit)
334 silly packumentCache full:https://registry.npmjs.org/eslint set size:1997485 disposed:false
335 silly placeDep ROOT @eslint-community/eslint-utils@4.9.1 OK for: eslint@10.4.0 want: ^4.8.0
336 silly placeDep ROOT @eslint-community/regexpp@4.12.2 OK for: eslint@10.4.0 want: ^4.12.2
337 silly placeDep ROOT @eslint/config-array@0.23.5 OK for: eslint@10.4.0 want: ^0.23.5
338 silly placeDep ROOT @eslint/config-helpers@0.6.0 OK for: eslint@10.4.0 want: ^0.6.0
339 silly placeDep ROOT @eslint/core@1.2.1 OK for: eslint@10.4.0 want: ^1.2.1
340 silly placeDep ROOT @eslint/plugin-kit@0.7.1 OK for: eslint@10.4.0 want: ^0.7.1
341 silly placeDep ROOT @humanfs/node@0.16.8 OK for: eslint@10.4.0 want: ^0.16.6
342 silly placeDep ROOT @humanwhocodes/module-importer@1.0.1 OK for: eslint@10.4.0 want: ^1.0.1
343 silly placeDep ROOT @humanwhocodes/retry@0.4.3 OK for: eslint@10.4.0 want: ^0.4.2
344 silly placeDep ROOT @types/estree@1.0.9 OK for: eslint@10.4.0 want: ^1.0.6
345 silly placeDep ROOT ajv@6.15.0 OK for: eslint@10.4.0 want: ^6.14.0
346 silly placeDep ROOT cross-spawn@7.0.6 OK for: eslint@10.4.0 want: ^7.0.6
347 silly placeDep ROOT debug@4.4.3 OK for: eslint@10.4.0 want: ^4.3.2
348 silly placeDep ROOT escape-string-regexp@4.0.0 OK for: eslint@10.4.0 want: ^4.0.0
349 silly placeDep ROOT eslint-scope@9.1.2 OK for: eslint@10.4.0 want: ^9.1.2
350 silly placeDep ROOT eslint-visitor-keys@5.0.1 OK for: eslint@10.4.0 want: ^5.0.1
351 silly placeDep ROOT espree@11.2.0 OK for: eslint@10.4.0 want: ^11.2.0
352 silly placeDep ROOT esquery@1.7.0 OK for: eslint@10.4.0 want: ^1.7.0
353 silly placeDep ROOT esutils@2.0.3 OK for: eslint@10.4.0 want: ^2.0.2
354 silly placeDep ROOT fast-deep-equal@3.1.3 OK for: eslint@10.4.0 want: ^3.1.3
355 silly placeDep ROOT file-entry-cache@8.0.0 OK for: eslint@10.4.0 want: ^8.0.0
356 silly placeDep ROOT find-up@5.0.0 OK for: eslint@10.4.0 want: ^5.0.0
357 silly placeDep ROOT glob-parent@6.0.2 OK for: eslint@10.4.0 want: ^6.0.2
358 silly placeDep ROOT ignore@5.3.2 OK for: eslint@10.4.0 want: ^5.2.0
359 silly placeDep ROOT imurmurhash@0.1.4 OK for: eslint@10.4.0 want: ^0.1.4
360 silly placeDep ROOT is-glob@4.0.3 OK for: eslint@10.4.0 want: ^4.0.0
361 silly placeDep ROOT json-stable-stringify-without-jsonify@1.0.1 OK for: eslint@10.4.0 want: ^1.0.1
362 silly placeDep ROOT minimatch@10.2.5 OK for: eslint@10.4.0 want: ^10.2.4
363 silly placeDep ROOT natural-compare@1.4.0 OK for: eslint@10.4.0 want: ^1.4.0
364 silly placeDep ROOT optionator@0.9.4 OK for: eslint@10.4.0 want: ^0.9.3
365 silly fetch manifest eslint-visitor-keys@^3.4.3
366 silly packumentCache full:https://registry.npmjs.org/eslint-visitor-keys cache-miss
367 silly fetch manifest @eslint/object-schema@^3.0.5
368 silly packumentCache full:https://registry.npmjs.org/@eslint%2fobject-schema cache-miss
369 silly fetch manifest debug@^4.3.1
370 silly packumentCache full:https://registry.npmjs.org/debug cache-miss
371 silly fetch manifest @types/json-schema@^7.0.15
372 silly packumentCache full:https://registry.npmjs.org/@types%2fjson-schema cache-miss
373 silly fetch manifest levn@^0.4.1
374 silly packumentCache full:https://registry.npmjs.org/levn cache-miss
375 silly fetch manifest @humanwhocodes/retry@^0.4.0
376 silly packumentCache full:https://registry.npmjs.org/@humanwhocodes%2fretry cache-miss
377 silly fetch manifest @humanfs/core@^0.19.2
378 silly packumentCache full:https://registry.npmjs.org/@humanfs%2fcore cache-miss
379 silly fetch manifest @humanfs/types@^0.15.0
380 silly packumentCache full:https://registry.npmjs.org/@humanfs%2ftypes cache-miss
381 silly fetch manifest uri-js@^4.2.2
382 silly packumentCache full:https://registry.npmjs.org/uri-js cache-miss
383 silly fetch manifest fast-deep-equal@^3.1.1
384 silly packumentCache full:https://registry.npmjs.org/fast-deep-equal cache-miss
385 silly fetch manifest json-schema-traverse@^0.4.1
386 silly packumentCache full:https://registry.npmjs.org/json-schema-traverse cache-miss
387 http cache https://registry.npmjs.org/debug 30ms (cache hit)
388 silly packumentCache full:https://registry.npmjs.org/debug set size:195840 disposed:false
389 silly fetch manifest fast-json-stable-stringify@^2.0.0
390 silly packumentCache full:https://registry.npmjs.org/fast-json-stable-stringify cache-miss
391 http cache https://registry.npmjs.org/eslint-visitor-keys 39ms (cache hit)
392 silly packumentCache full:https://registry.npmjs.org/eslint-visitor-keys set size:69949 disposed:false
393 silly fetch manifest which@^2.0.1
394 silly packumentCache full:https://registry.npmjs.org/which cache-miss
395 http cache https://registry.npmjs.org/fast-deep-equal 50ms (cache hit)
396 silly packumentCache full:https://registry.npmjs.org/fast-deep-equal set size:48634 disposed:false
397 silly fetch manifest path-key@^3.1.0
398 silly packumentCache full:https://registry.npmjs.org/path-key cache-miss
399 http cache https://registry.npmjs.org/@humanwhocodes%2fretry 53ms (cache hit)
400 silly packumentCache full:https://registry.npmjs.org/@humanwhocodes%2fretry set size:42348 disposed:false
401 silly fetch manifest shebang-command@^2.0.0
402 silly packumentCache full:https://registry.npmjs.org/shebang-command cache-miss
403 http fetch GET 200 https://registry.npmjs.org/levn 176ms (cache miss)
404 silly packumentCache full:https://registry.npmjs.org/levn set size:undefined disposed:false
405 silly fetch manifest ms@^2.1.3
406 silly packumentCache full:https://registry.npmjs.org/ms cache-miss
407 http fetch GET 200 https://registry.npmjs.org/json-schema-traverse 179ms (cache miss)
408 silly packumentCache full:https://registry.npmjs.org/json-schema-traverse set size:undefined disposed:false
409 silly fetch manifest @types/esrecurse@^4.3.1
410 silly packumentCache full:https://registry.npmjs.org/@types%2fesrecurse cache-miss
411 http fetch GET 200 https://registry.npmjs.org/@types%2fjson-schema 218ms (cache miss)
412 silly packumentCache full:https://registry.npmjs.org/@types%2fjson-schema set size:undefined disposed:false
413 silly fetch manifest esrecurse@^4.3.0
414 silly packumentCache full:https://registry.npmjs.org/esrecurse cache-miss
415 http fetch GET 200 https://registry.npmjs.org/@humanfs%2ftypes 222ms (cache miss)
416 silly packumentCache full:https://registry.npmjs.org/@humanfs%2ftypes set size:undefined disposed:false
417 silly fetch manifest estraverse@^5.2.0
418 silly packumentCache full:https://registry.npmjs.org/estraverse cache-miss
419 http fetch GET 200 https://registry.npmjs.org/uri-js 234ms (cache miss)
420 silly packumentCache full:https://registry.npmjs.org/uri-js set size:undefined disposed:false
421 silly fetch manifest acorn@^8.16.0
422 silly packumentCache full:https://registry.npmjs.org/acorn cache-miss
423 http fetch GET 200 https://registry.npmjs.org/@eslint%2fobject-schema 272ms (cache miss)
424 silly packumentCache full:https://registry.npmjs.org/@eslint%2fobject-schema set size:undefined disposed:false
425 silly fetch manifest acorn-jsx@^5.3.2
426 silly packumentCache full:https://registry.npmjs.org/acorn-jsx cache-miss
427 http fetch GET 200 https://registry.npmjs.org/@humanfs%2fcore 277ms (cache miss)
428 silly packumentCache full:https://registry.npmjs.org/@humanfs%2fcore set size:undefined disposed:false
429 silly fetch manifest estraverse@^5.1.0
430 silly packumentCache full:https://registry.npmjs.org/estraverse cache-miss
431 http fetch GET 200 https://registry.npmjs.org/fast-json-stable-stringify 261ms (cache miss)
432 silly packumentCache full:https://registry.npmjs.org/fast-json-stable-stringify set size:undefined disposed:false
433 silly fetch manifest flat-cache@^4.0.0
434 silly packumentCache full:https://registry.npmjs.org/flat-cache cache-miss
435 http fetch GET 200 https://registry.npmjs.org/path-key 246ms (cache miss)
436 silly packumentCache full:https://registry.npmjs.org/path-key set size:undefined disposed:false
437 silly fetch manifest locate-path@^6.0.0
438 silly packumentCache full:https://registry.npmjs.org/locate-path cache-miss
439 http fetch GET 200 https://registry.npmjs.org/shebang-command 266ms (cache miss)
440 silly packumentCache full:https://registry.npmjs.org/shebang-command set size:undefined disposed:false
441 silly fetch manifest path-exists@^4.0.0
442 silly packumentCache full:https://registry.npmjs.org/path-exists cache-miss
443 http fetch GET 200 https://registry.npmjs.org/which 317ms (cache miss)
444 silly packumentCache full:https://registry.npmjs.org/which set size:undefined disposed:false
445 silly fetch manifest is-glob@^4.0.3
446 silly packumentCache full:https://registry.npmjs.org/is-glob cache-miss
447 http fetch GET 200 https://registry.npmjs.org/@types%2fesrecurse 222ms (cache miss)
448 silly packumentCache full:https://registry.npmjs.org/@types%2fesrecurse set size:undefined disposed:false
449 silly fetch manifest is-extglob@^2.1.1
450 silly packumentCache full:https://registry.npmjs.org/is-extglob cache-miss
451 http fetch GET 200 https://registry.npmjs.org/ms 271ms (cache miss)
452 silly packumentCache full:https://registry.npmjs.org/ms set size:undefined disposed:false
453 silly fetch manifest brace-expansion@^5.0.5
454 silly packumentCache full:https://registry.npmjs.org/brace-expansion cache-miss
455 http fetch GET 200 https://registry.npmjs.org/esrecurse 256ms (cache miss)
456 silly packumentCache full:https://registry.npmjs.org/esrecurse set size:undefined disposed:false
457 silly fetch manifest prelude-ls@^1.2.1
458 silly packumentCache full:https://registry.npmjs.org/prelude-ls cache-miss
459 http fetch GET 200 https://registry.npmjs.org/estraverse 262ms (cache miss)
460 silly packumentCache full:https://registry.npmjs.org/estraverse set size:undefined disposed:false
461 silly fetch manifest deep-is@^0.1.3
462 silly packumentCache full:https://registry.npmjs.org/deep-is cache-miss
463 http fetch GET 200 https://registry.npmjs.org/estraverse 248ms (cache miss)
464 silly packumentCache full:https://registry.npmjs.org/estraverse set size:undefined disposed:false
465 silly fetch manifest word-wrap@^1.2.5
466 silly packumentCache full:https://registry.npmjs.org/word-wrap cache-miss
467 http fetch GET 200 https://registry.npmjs.org/path-exists 215ms (cache miss)
468 silly packumentCache full:https://registry.npmjs.org/path-exists set size:undefined disposed:false
469 silly fetch manifest type-check@^0.4.0
470 silly packumentCache full:https://registry.npmjs.org/type-check cache-miss
471 http fetch GET 200 https://registry.npmjs.org/locate-path 242ms (cache miss)
472 silly packumentCache full:https://registry.npmjs.org/locate-path set size:undefined disposed:false
473 silly fetch manifest fast-levenshtein@^2.0.6
474 silly packumentCache full:https://registry.npmjs.org/fast-levenshtein cache-miss
475 http cache https://registry.npmjs.org/is-glob 184ms (cache hit)
476 silly packumentCache full:https://registry.npmjs.org/is-glob set size:40530 disposed:false
477 http fetch GET 200 https://registry.npmjs.org/acorn-jsx 300ms (cache miss)
478 silly packumentCache full:https://registry.npmjs.org/acorn-jsx set size:undefined disposed:false
479 http fetch GET 200 https://registry.npmjs.org/flat-cache 323ms (cache miss)
480 silly packumentCache full:https://registry.npmjs.org/flat-cache set size:undefined disposed:false
481 http fetch GET 200 https://registry.npmjs.org/is-extglob 251ms (cache miss)
482 silly packumentCache full:https://registry.npmjs.org/is-extglob set size:undefined disposed:false
483 http fetch GET 200 https://registry.npmjs.org/acorn 437ms (cache miss)
484 silly packumentCache full:https://registry.npmjs.org/acorn set size:undefined disposed:false
485 http fetch GET 200 https://registry.npmjs.org/deep-is 195ms (cache miss)
486 silly packumentCache full:https://registry.npmjs.org/deep-is set size:undefined disposed:false
487 http fetch GET 200 https://registry.npmjs.org/brace-expansion 249ms (cache miss)
488 silly packumentCache full:https://registry.npmjs.org/brace-expansion set size:undefined disposed:false
489 http fetch GET 200 https://registry.npmjs.org/prelude-ls 221ms (cache miss)
490 silly packumentCache full:https://registry.npmjs.org/prelude-ls set size:undefined disposed:false
491 http fetch GET 200 https://registry.npmjs.org/word-wrap 175ms (cache miss)
492 silly packumentCache full:https://registry.npmjs.org/word-wrap set size:undefined disposed:false
493 http fetch GET 200 https://registry.npmjs.org/fast-levenshtein 168ms (cache miss)
494 silly packumentCache full:https://registry.npmjs.org/fast-levenshtein set size:undefined disposed:false
495 http fetch GET 200 https://registry.npmjs.org/type-check 332ms (cache miss)
496 silly packumentCache full:https://registry.npmjs.org/type-check set size:undefined disposed:false
497 silly placeDep node_modules/@eslint-community/eslint-utils eslint-visitor-keys@3.4.3 OK for: @eslint-community/eslint-utils@4.9.1 want: ^3.4.3
498 silly placeDep ROOT @eslint/object-schema@3.0.5 OK for: @eslint/config-array@0.23.5 want: ^3.0.5
499 silly placeDep ROOT @types/json-schema@7.0.15 OK for: @eslint/core@1.2.1 want: ^7.0.15
500 silly placeDep ROOT levn@0.4.1 OK for: @eslint/plugin-kit@0.7.1 want: ^0.4.1
501 silly fetch manifest type-check@~0.4.0
502 silly packumentCache full:https://registry.npmjs.org/type-check cache-miss
503 http cache https://registry.npmjs.org/type-check 28ms (cache hit)
504 silly packumentCache full:https://registry.npmjs.org/type-check set size:21221 disposed:false
505 silly placeDep ROOT @humanfs/core@0.19.2 OK for: @humanfs/node@0.16.8 want: ^0.19.2
506 silly placeDep ROOT @humanfs/types@0.15.0 OK for: @humanfs/node@0.16.8 want: ^0.15.0
507 silly placeDep ROOT fast-json-stable-stringify@2.1.0 OK for: ajv@6.15.0 want: ^2.0.0
508 silly placeDep ROOT json-schema-traverse@0.4.1 OK for: ajv@6.15.0 want: ^0.4.1
509 silly placeDep ROOT uri-js@4.4.1 OK for: ajv@6.15.0 want: ^4.2.2
510 silly fetch manifest punycode@^2.1.0
511 silly packumentCache full:https://registry.npmjs.org/punycode cache-miss
512 http fetch GET 200 https://registry.npmjs.org/punycode 80ms (cache miss)
513 silly packumentCache full:https://registry.npmjs.org/punycode set size:undefined disposed:false
514 silly placeDep ROOT path-key@3.1.1 OK for: cross-spawn@7.0.6 want: ^3.1.0
515 silly placeDep ROOT shebang-command@2.0.0 OK for: cross-spawn@7.0.6 want: ^2.0.0
516 silly placeDep ROOT which@2.0.2 OK for: cross-spawn@7.0.6 want: ^2.0.1
517 silly fetch manifest shebang-regex@^3.0.0
518 silly packumentCache full:https://registry.npmjs.org/shebang-regex cache-miss
519 silly fetch manifest isexe@^2.0.0
520 silly packumentCache full:https://registry.npmjs.org/isexe cache-miss
521 http fetch GET 200 https://registry.npmjs.org/shebang-regex 101ms (cache miss)
522 silly packumentCache full:https://registry.npmjs.org/shebang-regex set size:undefined disposed:false
523 http fetch GET 200 https://registry.npmjs.org/isexe 103ms (cache miss)
524 silly packumentCache full:https://registry.npmjs.org/isexe set size:undefined disposed:false
525 silly placeDep ROOT ms@2.1.3 OK for: debug@4.4.3 want: ^2.1.3
526 silly placeDep ROOT @babel/core@7.29.0 OK for: eslint-plugin-react-hooks@7.1.1 want: ^7.24.4
527 silly placeDep ROOT @babel/parser@7.29.3 OK for: eslint-plugin-react-hooks@7.1.1 want: ^7.24.4
528 silly placeDep ROOT hermes-parser@0.25.1 OK for: eslint-plugin-react-hooks@7.1.1 want: ^0.25.1
529 silly placeDep ROOT zod@4.4.3 OK for: eslint-plugin-react-hooks@7.1.1 want: ^3.25.0 || ^4.0.0
530 silly placeDep ROOT zod-validation-error@4.0.2 OK for: eslint-plugin-react-hooks@7.1.1 want: ^3.5.0 || ^4.0.0
531 silly fetch manifest json5@^2.2.3
532 silly packumentCache full:https://registry.npmjs.org/json5 cache-miss
533 silly fetch manifest semver@^6.3.1
534 silly packumentCache full:https://registry.npmjs.org/semver cache-miss
535 silly fetch manifest gensync@^1.0.0-beta.2
536 silly packumentCache full:https://registry.npmjs.org/gensync cache-miss
537 silly fetch manifest @babel/types@^7.29.0
538 silly packumentCache full:https://registry.npmjs.org/@babel%2ftypes cache-miss
539 silly fetch manifest @babel/parser@^7.29.0
540 silly packumentCache full:https://registry.npmjs.org/@babel%2fparser cache-miss
541 silly fetch manifest @babel/helpers@^7.28.6
542 silly packumentCache full:https://registry.npmjs.org/@babel%2fhelpers cache-miss
543 silly fetch manifest @babel/template@^7.28.6
544 silly packumentCache full:https://registry.npmjs.org/@babel%2ftemplate cache-miss
545 silly fetch manifest @babel/traverse@^7.29.0
546 silly packumentCache full:https://registry.npmjs.org/@babel%2ftraverse cache-miss
547 silly fetch manifest @babel/generator@^7.29.0
548 silly packumentCache full:https://registry.npmjs.org/@babel%2fgenerator cache-miss
549 silly fetch manifest @babel/code-frame@^7.29.0
550 silly packumentCache full:https://registry.npmjs.org/@babel%2fcode-frame cache-miss
551 silly fetch manifest convert-source-map@^2.0.0
552 silly packumentCache full:https://registry.npmjs.org/convert-source-map cache-miss
553 http cache https://registry.npmjs.org/@babel%2fparser 59ms (cache hit)
554 silly packumentCache full:https://registry.npmjs.org/@babel%2fparser set size:725652 disposed:false
555 silly fetch manifest @jridgewell/remapping@^2.3.5
556 silly packumentCache full:https://registry.npmjs.org/@jridgewell%2fremapping cache-miss
557 http fetch GET 200 https://registry.npmjs.org/json5 127ms (cache miss)
558 silly packumentCache full:https://registry.npmjs.org/json5 set size:undefined disposed:false
559 silly fetch manifest @babel/helper-module-transforms@^7.28.6
560 silly packumentCache full:https://registry.npmjs.org/@babel%2fhelper-module-transforms cache-miss
561 http fetch GET 200 https://registry.npmjs.org/gensync 132ms (cache miss)
562 silly packumentCache full:https://registry.npmjs.org/gensync set size:undefined disposed:false
563 silly fetch manifest @babel/helper-compilation-targets@^7.28.6
564 silly packumentCache full:https://registry.npmjs.org/@babel%2fhelper-compilation-targets cache-miss
565 http fetch GET 200 https://registry.npmjs.org/convert-source-map 187ms (cache miss)
566 silly packumentCache full:https://registry.npmjs.org/convert-source-map set size:undefined disposed:false
567 silly fetch manifest @babel/types@^7.29.0
568 silly packumentCache full:https://registry.npmjs.org/@babel%2ftypes cache-miss
569 http fetch GET 200 https://registry.npmjs.org/@jridgewell%2fremapping 132ms (cache miss)
570 silly packumentCache full:https://registry.npmjs.org/@jridgewell%2fremapping set size:undefined disposed:false
571 silly fetch manifest hermes-estree@0.25.1
572 silly packumentCache full:https://registry.npmjs.org/hermes-estree cache-miss
573 http fetch GET 200 https://registry.npmjs.org/semver 210ms (cache miss)
574 silly packumentCache full:https://registry.npmjs.org/semver set size:undefined disposed:false
575 http fetch GET 200 https://registry.npmjs.org/@babel%2fcode-frame 213ms (cache miss)
576 silly packumentCache full:https://registry.npmjs.org/@babel%2fcode-frame set size:undefined disposed:false
577 http fetch GET 200 https://registry.npmjs.org/@babel%2ftemplate 229ms (cache miss)
578 silly packumentCache full:https://registry.npmjs.org/@babel%2ftemplate set size:undefined disposed:false
579 http fetch GET 200 https://registry.npmjs.org/@babel%2fhelpers 241ms (cache miss)
580 silly packumentCache full:https://registry.npmjs.org/@babel%2fhelpers set size:undefined disposed:false
581 http fetch GET 200 https://registry.npmjs.org/@babel%2ftypes 256ms (cache miss)
582 silly packumentCache full:https://registry.npmjs.org/@babel%2ftypes set size:undefined disposed:false
583 http fetch GET 200 https://registry.npmjs.org/@babel%2ftraverse 261ms (cache miss)
584 silly packumentCache full:https://registry.npmjs.org/@babel%2ftraverse set size:undefined disposed:false
585 http fetch GET 200 https://registry.npmjs.org/@babel%2fgenerator 290ms (cache miss)
586 silly packumentCache full:https://registry.npmjs.org/@babel%2fgenerator set size:undefined disposed:false
587 http fetch GET 200 https://registry.npmjs.org/@babel%2fhelper-compilation-targets 161ms (cache miss)
588 silly packumentCache full:https://registry.npmjs.org/@babel%2fhelper-compilation-targets set size:undefined disposed:false
589 http fetch GET 200 https://registry.npmjs.org/@babel%2fhelper-module-transforms 192ms (cache miss)
590 silly packumentCache full:https://registry.npmjs.org/@babel%2fhelper-module-transforms set size:undefined disposed:false
591 http fetch GET 200 https://registry.npmjs.org/hermes-estree 122ms (cache miss)
592 silly packumentCache full:https://registry.npmjs.org/hermes-estree set size:undefined disposed:false
593 http fetch GET 200 https://registry.npmjs.org/@babel%2ftypes 144ms (cache miss)
594 silly packumentCache full:https://registry.npmjs.org/@babel%2ftypes set size:undefined disposed:false
595 silly fetch manifest @babel/core@^7.0.0
596 silly packumentCache full:https://registry.npmjs.org/@babel%2fcore cache-hit
597 silly placeDep ROOT @babel/code-frame@7.29.0 OK for: @babel/core@7.29.0 want: ^7.29.0
598 silly placeDep ROOT @babel/generator@7.29.1 OK for: @babel/core@7.29.0 want: ^7.29.0
599 silly placeDep ROOT @babel/helper-compilation-targets@7.28.6 OK for: @babel/core@7.29.0 want: ^7.28.6
600 silly placeDep ROOT @babel/helper-module-transforms@7.28.6 OK for: @babel/core@7.29.0 want: ^7.28.6
601 silly placeDep ROOT @babel/helpers@7.29.2 OK for: @babel/core@7.29.0 want: ^7.28.6
602 silly placeDep ROOT @babel/template@7.28.6 OK for: @babel/core@7.29.0 want: ^7.28.6
603 silly placeDep ROOT @babel/traverse@7.29.0 OK for: @babel/core@7.29.0 want: ^7.29.0
604 silly placeDep ROOT @babel/types@7.29.0 OK for: @babel/core@7.29.0 want: ^7.29.0
605 silly placeDep ROOT @jridgewell/remapping@2.3.5 OK for: @babel/core@7.29.0 want: ^2.3.5
606 silly placeDep ROOT convert-source-map@2.0.0 OK for: @babel/core@7.29.0 want: ^2.0.0
607 silly placeDep ROOT gensync@1.0.0-beta.2 OK for: @babel/core@7.29.0 want: ^1.0.0-beta.2
608 silly placeDep ROOT json5@2.2.3 OK for: @babel/core@7.29.0 want: ^2.2.3
609 silly placeDep ROOT semver@6.3.1 OK for: @babel/core@7.29.0 want: ^6.3.1
610 silly fetch manifest js-tokens@^4.0.0
611 silly packumentCache full:https://registry.npmjs.org/js-tokens cache-miss
612 silly fetch manifest picocolors@^1.1.1
613 silly packumentCache full:https://registry.npmjs.org/picocolors cache-miss
614 silly fetch manifest @babel/helper-validator-identifier@^7.28.5
615 silly packumentCache full:https://registry.npmjs.org/@babel%2fhelper-validator-identifier cache-miss
616 silly fetch manifest jsesc@^3.0.2
617 silly packumentCache full:https://registry.npmjs.org/jsesc cache-miss
618 silly fetch manifest @jridgewell/gen-mapping@^0.3.12
619 silly packumentCache full:https://registry.npmjs.org/@jridgewell%2fgen-mapping cache-miss
620 silly fetch manifest @jridgewell/trace-mapping@^0.3.28
621 silly packumentCache full:https://registry.npmjs.org/@jridgewell%2ftrace-mapping cache-miss
622 silly fetch manifest lru-cache@^5.1.1
623 silly packumentCache full:https://registry.npmjs.org/lru-cache cache-miss
624 silly fetch manifest browserslist@^4.24.0
625 silly packumentCache full:https://registry.npmjs.org/browserslist cache-miss
626 silly fetch manifest @babel/compat-data@^7.28.6
627 silly packumentCache full:https://registry.npmjs.org/@babel%2fcompat-data cache-miss
628 silly fetch manifest @babel/helper-validator-option@^7.27.1
629 silly packumentCache full:https://registry.npmjs.org/@babel%2fhelper-validator-option cache-miss
630 silly fetch manifest @babel/traverse@^7.28.6
631 silly packumentCache full:https://registry.npmjs.org/@babel%2ftraverse cache-miss
632 http cache https://registry.npmjs.org/@babel%2ftraverse 20ms (cache hit)
633 silly packumentCache full:https://registry.npmjs.org/@babel%2ftraverse set size:553169 disposed:false
634 silly fetch manifest @babel/helper-module-imports@^7.28.6
635 silly packumentCache full:https://registry.npmjs.org/@babel%2fhelper-module-imports cache-miss
636 http fetch GET 200 https://registry.npmjs.org/jsesc 176ms (cache miss)
637 silly packumentCache full:https://registry.npmjs.org/jsesc set size:undefined disposed:false
638 silly fetch manifest @babel/helper-validator-identifier@^7.28.5
639 silly packumentCache full:https://registry.npmjs.org/@babel%2fhelper-validator-identifier cache-miss
640 http fetch GET 200 https://registry.npmjs.org/js-tokens 182ms (cache miss)
641 silly packumentCache full:https://registry.npmjs.org/js-tokens set size:undefined disposed:false
642 silly fetch manifest @babel/types@^7.28.6
643 silly packumentCache full:https://registry.npmjs.org/@babel%2ftypes cache-miss
644 http fetch GET 200 https://registry.npmjs.org/picocolors 188ms (cache miss)
645 silly packumentCache full:https://registry.npmjs.org/picocolors set size:undefined disposed:false
646 silly fetch manifest @babel/helper-globals@^7.28.0
647 silly packumentCache full:https://registry.npmjs.org/@babel%2fhelper-globals cache-miss
648 http fetch GET 200 https://registry.npmjs.org/@babel%2fhelper-validator-identifier 219ms (cache miss)
649 silly packumentCache full:https://registry.npmjs.org/@babel%2fhelper-validator-identifier set size:undefined disposed:false
650 silly fetch manifest @babel/helper-string-parser@^7.27.1
651 silly packumentCache full:https://registry.npmjs.org/@babel%2fhelper-string-parser cache-miss
652 http fetch GET 200 https://registry.npmjs.org/@jridgewell%2fgen-mapping 228ms (cache miss)
653 silly packumentCache full:https://registry.npmjs.org/@jridgewell%2fgen-mapping set size:undefined disposed:false
654 silly fetch manifest @jridgewell/gen-mapping@^0.3.5
655 silly packumentCache full:https://registry.npmjs.org/@jridgewell%2fgen-mapping cache-miss
656 http fetch GET 200 https://registry.npmjs.org/@babel%2fhelper-validator-option 228ms (cache miss)
657 silly packumentCache full:https://registry.npmjs.org/@babel%2fhelper-validator-option set size:undefined disposed:false
658 silly fetch manifest @jridgewell/trace-mapping@^0.3.24
659 silly packumentCache full:https://registry.npmjs.org/@jridgewell%2ftrace-mapping cache-miss
660 http cache https://registry.npmjs.org/@babel%2fhelper-validator-identifier 72ms (cache hit)
661 silly packumentCache full:https://registry.npmjs.org/@babel%2fhelper-validator-identifier set size:119950 disposed:false
662 http fetch GET 200 https://registry.npmjs.org/@jridgewell%2ftrace-mapping 258ms (cache miss)
663 silly packumentCache full:https://registry.npmjs.org/@jridgewell%2ftrace-mapping set size:undefined disposed:false
664 http cache https://registry.npmjs.org/@babel%2ftypes 93ms (cache hit)
665 silly packumentCache full:https://registry.npmjs.org/@babel%2ftypes set size:491978 disposed:false
666 http cache https://registry.npmjs.org/@jridgewell%2fgen-mapping 55ms (cache hit)
667 silly packumentCache full:https://registry.npmjs.org/@jridgewell%2fgen-mapping set size:75941 disposed:false
668 http fetch GET 200 https://registry.npmjs.org/@babel%2fcompat-data 286ms (cache miss)
669 silly packumentCache full:https://registry.npmjs.org/@babel%2fcompat-data set size:undefined disposed:false
670 http cache https://registry.npmjs.org/@jridgewell%2ftrace-mapping 59ms (cache hit)
671 silly packumentCache full:https://registry.npmjs.org/@jridgewell%2ftrace-mapping set size:170909 disposed:false
672 http fetch GET 200 https://registry.npmjs.org/@babel%2fhelper-globals 111ms (cache miss)
673 silly packumentCache full:https://registry.npmjs.org/@babel%2fhelper-globals set size:undefined disposed:false
674 http fetch GET 200 https://registry.npmjs.org/lru-cache 307ms (cache miss)
675 silly packumentCache full:https://registry.npmjs.org/lru-cache set size:undefined disposed:false
676 http fetch GET 200 https://registry.npmjs.org/browserslist 314ms (cache miss)
677 silly packumentCache full:https://registry.npmjs.org/browserslist set size:undefined disposed:false
678 http fetch GET 200 https://registry.npmjs.org/@babel%2fhelper-string-parser 127ms (cache miss)
679 silly packumentCache full:https://registry.npmjs.org/@babel%2fhelper-string-parser set size:undefined disposed:false
680 http fetch GET 200 https://registry.npmjs.org/@babel%2fhelper-module-imports 324ms (cache miss)
681 silly packumentCache full:https://registry.npmjs.org/@babel%2fhelper-module-imports set size:undefined disposed:false
682 silly placeDep ROOT @babel/helper-validator-identifier@7.28.5 OK for: @babel/code-frame@7.29.0 want: ^7.28.5
683 silly placeDep ROOT js-tokens@4.0.0 OK for: @babel/code-frame@7.29.0 want: ^4.0.0
684 silly placeDep ROOT picocolors@1.1.1 OK for: @babel/code-frame@7.29.0 want: ^1.1.1
685 silly placeDep ROOT @jridgewell/gen-mapping@0.3.13 OK for: @babel/generator@7.29.1 want: ^0.3.12
686 silly placeDep ROOT @jridgewell/trace-mapping@0.3.31 OK for: @babel/generator@7.29.1 want: ^0.3.28
687 silly placeDep ROOT jsesc@3.1.0 OK for: @babel/generator@7.29.1 want: ^3.0.2
688 silly fetch manifest @jridgewell/sourcemap-codec@^1.5.0
689 silly packumentCache full:https://registry.npmjs.org/@jridgewell%2fsourcemap-codec cache-miss
690 silly fetch manifest @jridgewell/resolve-uri@^3.1.0
691 silly packumentCache full:https://registry.npmjs.org/@jridgewell%2fresolve-uri cache-miss
692 silly fetch manifest @jridgewell/sourcemap-codec@^1.4.14
693 silly packumentCache full:https://registry.npmjs.org/@jridgewell%2fsourcemap-codec cache-miss
694 http fetch GET 200 https://registry.npmjs.org/@jridgewell%2fsourcemap-codec 95ms (cache miss)
695 silly packumentCache full:https://registry.npmjs.org/@jridgewell%2fsourcemap-codec set size:undefined disposed:false
696 http fetch GET 200 https://registry.npmjs.org/@jridgewell%2fsourcemap-codec 126ms (cache miss)
697 silly packumentCache full:https://registry.npmjs.org/@jridgewell%2fsourcemap-codec set size:undefined disposed:false
698 http fetch GET 200 https://registry.npmjs.org/@jridgewell%2fresolve-uri 132ms (cache miss)
699 silly packumentCache full:https://registry.npmjs.org/@jridgewell%2fresolve-uri set size:undefined disposed:false
700 silly placeDep ROOT @babel/compat-data@7.29.3 OK for: @babel/helper-compilation-targets@7.28.6 want: ^7.28.6
701 silly placeDep ROOT @babel/helper-validator-option@7.27.1 OK for: @babel/helper-compilation-targets@7.28.6 want: ^7.27.1
702 silly placeDep ROOT browserslist@4.28.2 OK for: @babel/helper-compilation-targets@7.28.6 want: ^4.24.0
703 silly placeDep ROOT lru-cache@5.1.1 OK for: @babel/helper-compilation-targets@7.28.6 want: ^5.1.1
704 silly fetch manifest baseline-browser-mapping@^2.10.12
705 silly packumentCache full:https://registry.npmjs.org/baseline-browser-mapping cache-miss
706 silly fetch manifest caniuse-lite@^1.0.30001782
707 silly packumentCache full:https://registry.npmjs.org/caniuse-lite cache-miss
708 silly fetch manifest electron-to-chromium@^1.5.328
709 silly packumentCache full:https://registry.npmjs.org/electron-to-chromium cache-miss
710 silly fetch manifest node-releases@^2.0.36
711 silly packumentCache full:https://registry.npmjs.org/node-releases cache-miss
712 silly fetch manifest update-browserslist-db@^1.2.3
713 silly packumentCache full:https://registry.npmjs.org/update-browserslist-db cache-miss
714 silly fetch manifest yallist@^3.0.2
715 silly packumentCache full:https://registry.npmjs.org/yallist cache-miss
716 http fetch GET 200 https://registry.npmjs.org/yallist 110ms (cache miss)
717 silly packumentCache full:https://registry.npmjs.org/yallist set size:undefined disposed:false
718 http fetch GET 200 https://registry.npmjs.org/update-browserslist-db 162ms (cache miss)
719 silly packumentCache full:https://registry.npmjs.org/update-browserslist-db set size:undefined disposed:false
720 http fetch GET 200 https://registry.npmjs.org/baseline-browser-mapping 186ms (cache miss)
721 silly packumentCache full:https://registry.npmjs.org/baseline-browser-mapping set size:undefined disposed:false
722 http fetch GET 200 https://registry.npmjs.org/node-releases 192ms (cache miss)
723 silly packumentCache full:https://registry.npmjs.org/node-releases set size:undefined disposed:false
724 http fetch GET 200 https://registry.npmjs.org/caniuse-lite 445ms (cache miss)
725 silly packumentCache full:https://registry.npmjs.org/caniuse-lite set size:undefined disposed:false
726 http fetch GET 200 https://registry.npmjs.org/electron-to-chromium 577ms (cache miss)
727 silly packumentCache full:https://registry.npmjs.org/electron-to-chromium set size:undefined disposed:false
728 silly placeDep ROOT @babel/helper-module-imports@7.28.6 OK for: @babel/helper-module-transforms@7.28.6 want: ^7.28.6
729 silly placeDep ROOT @babel/helper-globals@7.28.0 OK for: @babel/traverse@7.29.0 want: ^7.28.0
730 silly placeDep ROOT @babel/helper-string-parser@7.27.1 OK for: @babel/types@7.29.0 want: ^7.27.1
731 silly placeDep ROOT @jridgewell/sourcemap-codec@1.5.5 OK for: @jridgewell/gen-mapping@0.3.13 want: ^1.5.0
732 silly placeDep ROOT @jridgewell/resolve-uri@3.1.2 OK for: @jridgewell/trace-mapping@0.3.31 want: ^3.1.0
733 silly fetch manifest browserslist@>= 4.21.0
734 silly packumentCache full:https://registry.npmjs.org/browserslist cache-miss
735 http cache https://registry.npmjs.org/browserslist 26ms (cache hit)
736 silly packumentCache full:https://registry.npmjs.org/browserslist set size:504681 disposed:false
737 silly placeDep ROOT baseline-browser-mapping@2.10.32 OK for: browserslist@4.28.2 want: ^2.10.12
738 silly placeDep ROOT caniuse-lite@1.0.30001793 OK for: browserslist@4.28.2 want: ^1.0.30001782
739 silly placeDep ROOT electron-to-chromium@1.5.361 OK for: browserslist@4.28.2 want: ^1.5.328
740 silly placeDep ROOT node-releases@2.0.46 OK for: browserslist@4.28.2 want: ^2.0.36
741 silly placeDep ROOT update-browserslist-db@1.2.3 OK for: browserslist@4.28.2 want: ^1.2.3
742 silly fetch manifest escalade@^3.2.0
743 silly packumentCache full:https://registry.npmjs.org/escalade cache-miss
744 http fetch GET 200 https://registry.npmjs.org/escalade 53ms (cache miss)
745 silly packumentCache full:https://registry.npmjs.org/escalade set size:undefined disposed:false
746 silly placeDep ROOT @types/esrecurse@4.3.1 OK for: eslint-scope@9.1.2 want: ^4.3.1
747 silly placeDep ROOT esrecurse@4.3.0 OK for: eslint-scope@9.1.2 want: ^4.3.0
748 silly placeDep ROOT estraverse@5.3.0 OK for: eslint-scope@9.1.2 want: ^5.2.0
749 silly placeDep ROOT acorn@8.16.0 OK for: espree@11.2.0 want: ^8.16.0
750 silly placeDep ROOT acorn-jsx@5.3.2 OK for: espree@11.2.0 want: ^5.3.2
751 silly placeDep ROOT flat-cache@4.0.1 OK for: file-entry-cache@8.0.0 want: ^4.0.0
752 silly fetch manifest keyv@^4.5.4
753 silly packumentCache full:https://registry.npmjs.org/keyv cache-miss
754 silly fetch manifest flatted@^3.2.9
755 silly packumentCache full:https://registry.npmjs.org/flatted cache-miss
756 http fetch GET 200 https://registry.npmjs.org/keyv 74ms (cache miss)
757 silly packumentCache full:https://registry.npmjs.org/keyv set size:undefined disposed:false
758 http fetch GET 200 https://registry.npmjs.org/flatted 81ms (cache miss)
759 silly packumentCache full:https://registry.npmjs.org/flatted set size:undefined disposed:false
760 silly placeDep ROOT locate-path@6.0.0 OK for: find-up@5.0.0 want: ^6.0.0
761 silly placeDep ROOT path-exists@4.0.0 OK for: find-up@5.0.0 want: ^4.0.0
762 silly fetch manifest p-locate@^5.0.0
763 silly packumentCache full:https://registry.npmjs.org/p-locate cache-miss
764 http fetch GET 200 https://registry.npmjs.org/p-locate 57ms (cache miss)
765 silly packumentCache full:https://registry.npmjs.org/p-locate set size:undefined disposed:false
766 silly placeDep ROOT flatted@3.4.2 OK for: flat-cache@4.0.1 want: ^3.2.9
767 silly placeDep ROOT keyv@4.5.4 OK for: flat-cache@4.0.1 want: ^4.5.4
768 silly fetch manifest json-buffer@3.0.1
769 silly packumentCache full:https://registry.npmjs.org/json-buffer cache-miss
770 http fetch GET 200 https://registry.npmjs.org/json-buffer 52ms (cache miss)
771 silly packumentCache full:https://registry.npmjs.org/json-buffer set size:undefined disposed:false
772 silly placeDep ROOT hermes-estree@0.25.1 OK for: hermes-parser@0.25.1 want: 0.25.1
773 silly placeDep ROOT is-extglob@2.1.1 OK for: is-glob@4.0.3 want: ^2.1.1
774 silly placeDep ROOT json-buffer@3.0.1 OK for: keyv@4.5.4 want: 3.0.1
775 silly placeDep ROOT prelude-ls@1.2.1 OK for: levn@0.4.1 want: ^1.2.1
776 silly placeDep ROOT type-check@0.4.0 OK for: levn@0.4.1 want: ~0.4.0
777 silly placeDep ROOT p-locate@5.0.0 OK for: locate-path@6.0.0 want: ^5.0.0
778 silly fetch manifest p-limit@^3.0.2
779 silly packumentCache full:https://registry.npmjs.org/p-limit cache-miss
780 http fetch GET 200 https://registry.npmjs.org/p-limit 70ms (cache miss)
781 silly packumentCache full:https://registry.npmjs.org/p-limit set size:undefined disposed:false
782 silly placeDep ROOT yallist@3.1.1 OK for: lru-cache@5.1.1 want: ^3.0.2
783 silly placeDep ROOT brace-expansion@5.0.6 OK for: minimatch@10.2.5 want: ^5.0.5
784 silly fetch manifest balanced-match@^4.0.2
785 silly packumentCache full:https://registry.npmjs.org/balanced-match cache-miss
786 http fetch GET 200 https://registry.npmjs.org/balanced-match 82ms (cache miss)
787 silly packumentCache full:https://registry.npmjs.org/balanced-match set size:undefined disposed:false
788 silly placeDep ROOT balanced-match@4.0.4 OK for: brace-expansion@5.0.6 want: ^4.0.2
789 silly placeDep ROOT deep-is@0.1.4 OK for: optionator@0.9.4 want: ^0.1.3
790 silly placeDep ROOT fast-levenshtein@2.0.6 OK for: optionator@0.9.4 want: ^2.0.6
791 silly placeDep ROOT word-wrap@1.2.5 OK for: optionator@0.9.4 want: ^1.2.5
792 silly placeDep ROOT p-limit@3.1.0 OK for: p-locate@5.0.0 want: ^3.0.2
793 silly fetch manifest yocto-queue@^0.1.0
794 silly packumentCache full:https://registry.npmjs.org/yocto-queue cache-miss
795 http fetch GET 200 https://registry.npmjs.org/yocto-queue 68ms (cache miss)
796 silly packumentCache full:https://registry.npmjs.org/yocto-queue set size:undefined disposed:false
797 silly placeDep ROOT yocto-queue@0.1.0 OK for: p-limit@3.1.0 want: ^0.1.0
798 silly placeDep ROOT scheduler@0.27.0 OK for: react-dom@19.2.6 want: ^0.27.0
799 silly placeDep ROOT shebang-regex@3.0.0 OK for: shebang-command@2.0.0 want: ^3.0.0
800 silly placeDep ROOT escalade@3.2.0 OK for: update-browserslist-db@1.2.3 want: ^3.2.0
801 silly placeDep ROOT punycode@2.3.1 OK for: uri-js@4.4.1 want: ^2.1.0
802 silly placeDep ROOT fsevents@2.3.3 OK for: vite@8.0.14 want: ~2.3.3
803 silly placeDep ROOT lightningcss@1.32.0 OK for: vite@8.0.14 want: ^1.32.0
804 silly placeDep ROOT picomatch@4.0.4 OK for: vite@8.0.14 want: ^4.0.4
805 silly placeDep ROOT postcss@8.5.15 OK for: vite@8.0.14 want: ^8.5.15
806 silly placeDep ROOT rolldown@1.0.2 OK for: vite@8.0.14 want: 1.0.2
807 silly placeDep ROOT tinyglobby@0.2.16 OK for: vite@8.0.14 want: ^0.2.16
808 silly fetch manifest detect-libc@^2.0.3
809 silly packumentCache full:https://registry.npmjs.org/detect-libc cache-miss
810 silly fetch manifest lightningcss-darwin-x64@1.32.0
811 silly packumentCache full:https://registry.npmjs.org/lightningcss-darwin-x64 cache-miss
812 silly fetch manifest lightningcss-linux-x64-gnu@1.32.0
813 silly packumentCache full:https://registry.npmjs.org/lightningcss-linux-x64-gnu cache-miss
814 silly fetch manifest lightningcss-win32-x64-msvc@1.32.0
815 silly packumentCache full:https://registry.npmjs.org/lightningcss-win32-x64-msvc cache-miss
816 silly fetch manifest lightningcss-win32-arm64-msvc@1.32.0
817 silly packumentCache full:https://registry.npmjs.org/lightningcss-win32-arm64-msvc cache-miss
818 silly fetch manifest lightningcss-darwin-arm64@1.32.0
819 silly packumentCache full:https://registry.npmjs.org/lightningcss-darwin-arm64 cache-miss
820 silly fetch manifest lightningcss-linux-arm64-gnu@1.32.0
821 silly packumentCache full:https://registry.npmjs.org/lightningcss-linux-arm64-gnu cache-miss
822 silly fetch manifest lightningcss-linux-arm-gnueabihf@1.32.0
823 silly packumentCache full:https://registry.npmjs.org/lightningcss-linux-arm-gnueabihf cache-miss
824 silly fetch manifest lightningcss-linux-arm64-musl@1.32.0
825 silly packumentCache full:https://registry.npmjs.org/lightningcss-linux-arm64-musl cache-miss
826 silly fetch manifest lightningcss-linux-x64-musl@1.32.0
827 silly packumentCache full:https://registry.npmjs.org/lightningcss-linux-x64-musl cache-miss
828 silly fetch manifest lightningcss-freebsd-x64@1.32.0
829 silly packumentCache full:https://registry.npmjs.org/lightningcss-freebsd-x64 cache-miss
830 http fetch GET 200 https://registry.npmjs.org/detect-libc 79ms (cache miss)
831 silly packumentCache full:https://registry.npmjs.org/detect-libc set size:undefined disposed:false
832 silly fetch manifest lightningcss-android-arm64@1.32.0
833 silly packumentCache full:https://registry.npmjs.org/lightningcss-android-arm64 cache-miss
834 http fetch GET 200 https://registry.npmjs.org/lightningcss-win32-arm64-msvc 105ms (cache miss)
835 silly packumentCache full:https://registry.npmjs.org/lightningcss-win32-arm64-msvc set size:undefined disposed:false
836 silly fetch manifest nanoid@^3.3.12
837 silly packumentCache full:https://registry.npmjs.org/nanoid cache-miss
838 http fetch GET 200 https://registry.npmjs.org/lightningcss-freebsd-x64 147ms (cache miss)
839 silly packumentCache full:https://registry.npmjs.org/lightningcss-freebsd-x64 set size:undefined disposed:false
840 silly fetch manifest source-map-js@^1.2.1
841 silly packumentCache full:https://registry.npmjs.org/source-map-js cache-miss
842 http fetch GET 200 https://registry.npmjs.org/lightningcss-darwin-x64 180ms (cache miss)
843 silly packumentCache full:https://registry.npmjs.org/lightningcss-darwin-x64 set size:undefined disposed:false
844 silly fetch manifest @oxc-project/types@=0.132.0
845 silly packumentCache full:https://registry.npmjs.org/@oxc-project%2ftypes cache-miss
846 http fetch GET 200 https://registry.npmjs.org/lightningcss-linux-arm64-musl 181ms (cache miss)
847 silly packumentCache full:https://registry.npmjs.org/lightningcss-linux-arm64-musl set size:undefined disposed:false
848 silly fetch manifest @rolldown/binding-darwin-x64@1.0.2
849 silly packumentCache full:https://registry.npmjs.org/@rolldown%2fbinding-darwin-x64 cache-miss
850 http fetch GET 200 https://registry.npmjs.org/lightningcss-linux-x64-gnu 184ms (cache miss)
851 silly packumentCache full:https://registry.npmjs.org/lightningcss-linux-x64-gnu set size:undefined disposed:false
852 silly fetch manifest @rolldown/binding-win32-x64-msvc@1.0.2
853 silly packumentCache full:https://registry.npmjs.org/@rolldown%2fbinding-win32-x64-msvc cache-miss
854 http fetch GET 200 https://registry.npmjs.org/lightningcss-linux-arm-gnueabihf 200ms (cache miss)
855 silly packumentCache full:https://registry.npmjs.org/lightningcss-linux-arm-gnueabihf set size:undefined disposed:false
856 silly fetch manifest @rolldown/binding-linux-x64-gnu@1.0.2
857 silly packumentCache full:https://registry.npmjs.org/@rolldown%2fbinding-linux-x64-gnu cache-miss
858 http fetch GET 200 https://registry.npmjs.org/lightningcss-win32-x64-msvc 205ms (cache miss)
859 silly packumentCache full:https://registry.npmjs.org/lightningcss-win32-x64-msvc set size:undefined disposed:false
860 silly fetch manifest @rolldown/binding-linux-x64-musl@1.0.2
861 silly packumentCache full:https://registry.npmjs.org/@rolldown%2fbinding-linux-x64-musl cache-miss
862 http fetch GET 200 https://registry.npmjs.org/lightningcss-android-arm64 131ms (cache miss)
863 silly packumentCache full:https://registry.npmjs.org/lightningcss-android-arm64 set size:undefined disposed:false
864 silly fetch manifest @rolldown/binding-freebsd-x64@1.0.2
865 silly packumentCache full:https://registry.npmjs.org/@rolldown%2fbinding-freebsd-x64 cache-miss
866 http fetch GET 200 https://registry.npmjs.org/lightningcss-linux-x64-musl 216ms (cache miss)
867 silly packumentCache full:https://registry.npmjs.org/lightningcss-linux-x64-musl set size:undefined disposed:false
868 silly fetch manifest @rolldown/binding-linux-arm-gnueabihf@1.0.2
869 silly packumentCache full:https://registry.npmjs.org/@rolldown%2fbinding-linux-arm-gnueabihf cache-miss
870 http fetch GET 200 https://registry.npmjs.org/lightningcss-linux-arm64-gnu 233ms (cache miss)
871 silly packumentCache full:https://registry.npmjs.org/lightningcss-linux-arm64-gnu set size:undefined disposed:false
872 silly fetch manifest @rolldown/binding-linux-arm64-gnu@1.0.2
873 silly packumentCache full:https://registry.npmjs.org/@rolldown%2fbinding-linux-arm64-gnu cache-miss
874 http fetch GET 200 https://registry.npmjs.org/lightningcss-darwin-arm64 246ms (cache miss)
875 silly packumentCache full:https://registry.npmjs.org/lightningcss-darwin-arm64 set size:undefined disposed:false
876 silly fetch manifest @rolldown/binding-darwin-arm64@1.0.2
877 silly packumentCache full:https://registry.npmjs.org/@rolldown%2fbinding-darwin-arm64 cache-miss
878 http fetch GET 200 https://registry.npmjs.org/source-map-js 140ms (cache miss)
879 silly packumentCache full:https://registry.npmjs.org/source-map-js set size:undefined disposed:false
880 silly fetch manifest @rolldown/binding-linux-arm64-musl@1.0.2
881 silly packumentCache full:https://registry.npmjs.org/@rolldown%2fbinding-linux-arm64-musl cache-miss
882 http fetch GET 200 https://registry.npmjs.org/nanoid 202ms (cache miss)
883 silly packumentCache full:https://registry.npmjs.org/nanoid set size:undefined disposed:false
884 silly fetch manifest @rolldown/binding-openharmony-arm64@1.0.2
885 silly packumentCache full:https://registry.npmjs.org/@rolldown%2fbinding-openharmony-arm64 cache-miss
886 http fetch GET 200 https://registry.npmjs.org/@oxc-project%2ftypes 162ms (cache miss)
887 silly packumentCache full:https://registry.npmjs.org/@oxc-project%2ftypes set size:undefined disposed:false
888 silly fetch manifest @rolldown/binding-win32-arm64-msvc@1.0.2
889 silly packumentCache full:https://registry.npmjs.org/@rolldown%2fbinding-win32-arm64-msvc cache-miss
890 http fetch GET 200 https://registry.npmjs.org/@rolldown%2fbinding-openharmony-arm64 131ms (cache miss)
891 silly packumentCache full:https://registry.npmjs.org/@rolldown%2fbinding-openharmony-arm64 set size:undefined disposed:false
892 silly fetch manifest @rolldown/binding-android-arm64@1.0.2
893 silly packumentCache full:https://registry.npmjs.org/@rolldown%2fbinding-android-arm64 cache-miss
894 http fetch GET 200 https://registry.npmjs.org/@rolldown%2fbinding-darwin-x64 380ms (cache miss)
895 silly packumentCache full:https://registry.npmjs.org/@rolldown%2fbinding-darwin-x64 set size:undefined disposed:false
896 silly fetch manifest @rolldown/binding-wasm32-wasi@1.0.2
897 silly packumentCache full:https://registry.npmjs.org/@rolldown%2fbinding-wasm32-wasi cache-miss
898 http fetch GET 200 https://registry.npmjs.org/@rolldown%2fbinding-android-arm64 165ms (cache miss)
899 silly packumentCache full:https://registry.npmjs.org/@rolldown%2fbinding-android-arm64 set size:undefined disposed:false
900 silly fetch manifest @rolldown/binding-linux-s390x-gnu@1.0.2
901 silly packumentCache full:https://registry.npmjs.org/@rolldown%2fbinding-linux-s390x-gnu cache-miss
902 http fetch GET 200 https://registry.npmjs.org/@rolldown%2fbinding-freebsd-x64 430ms (cache miss)
903 silly packumentCache full:https://registry.npmjs.org/@rolldown%2fbinding-freebsd-x64 set size:undefined disposed:false
904 silly fetch manifest @rolldown/binding-linux-ppc64-gnu@1.0.2
905 silly packumentCache full:https://registry.npmjs.org/@rolldown%2fbinding-linux-ppc64-gnu cache-miss
906 http fetch GET 200 https://registry.npmjs.org/@rolldown%2fbinding-win32-x64-msvc 466ms (cache miss)
907 silly packumentCache full:https://registry.npmjs.org/@rolldown%2fbinding-win32-x64-msvc set size:undefined disposed:false
908 silly fetch manifest fdir@^6.5.0
909 silly packumentCache full:https://registry.npmjs.org/fdir cache-miss
910 http fetch GET 200 https://registry.npmjs.org/@rolldown%2fbinding-linux-s390x-gnu 77ms (cache miss)
911 silly packumentCache full:https://registry.npmjs.org/@rolldown%2fbinding-linux-s390x-gnu set size:undefined disposed:false
912 http fetch GET 200 https://registry.npmjs.org/@rolldown%2fbinding-linux-x64-gnu 529ms (cache miss)
913 silly packumentCache full:https://registry.npmjs.org/@rolldown%2fbinding-linux-x64-gnu set size:undefined disposed:false
914 http fetch GET 200 https://registry.npmjs.org/@rolldown%2fbinding-linux-ppc64-gnu 118ms (cache miss)
915 silly packumentCache full:https://registry.npmjs.org/@rolldown%2fbinding-linux-ppc64-gnu set size:undefined disposed:false
916 http fetch GET 200 https://registry.npmjs.org/@rolldown%2fbinding-linux-x64-musl 561ms (cache miss)
917 silly packumentCache full:https://registry.npmjs.org/@rolldown%2fbinding-linux-x64-musl set size:undefined disposed:false
918 http fetch GET 200 https://registry.npmjs.org/@rolldown%2fbinding-linux-arm-gnueabihf 571ms (cache miss)
919 silly packumentCache full:https://registry.npmjs.org/@rolldown%2fbinding-linux-arm-gnueabihf set size:undefined disposed:false
920 http fetch GET 200 https://registry.npmjs.org/@rolldown%2fbinding-darwin-arm64 550ms (cache miss)
921 silly packumentCache full:https://registry.npmjs.org/@rolldown%2fbinding-darwin-arm64 set size:undefined disposed:false
922 http fetch GET 200 https://registry.npmjs.org/fdir 174ms (cache miss)
923 silly packumentCache full:https://registry.npmjs.org/fdir set size:undefined disposed:false
924 http fetch GET 200 https://registry.npmjs.org/@rolldown%2fbinding-linux-arm64-musl 542ms (cache miss)
925 silly packumentCache full:https://registry.npmjs.org/@rolldown%2fbinding-linux-arm64-musl set size:undefined disposed:false
926 http fetch GET 200 https://registry.npmjs.org/@rolldown%2fbinding-win32-arm64-msvc 524ms (cache miss)
927 silly packumentCache full:https://registry.npmjs.org/@rolldown%2fbinding-win32-arm64-msvc set size:undefined disposed:false
928 http fetch GET 200 https://registry.npmjs.org/@rolldown%2fbinding-linux-arm64-gnu 646ms (cache miss)
929 silly packumentCache full:https://registry.npmjs.org/@rolldown%2fbinding-linux-arm64-gnu set size:undefined disposed:false
930 http fetch GET 200 https://registry.npmjs.org/@rolldown%2fbinding-wasm32-wasi 329ms (cache miss)
931 silly packumentCache full:https://registry.npmjs.org/@rolldown%2fbinding-wasm32-wasi set size:undefined disposed:false
932 silly placeDep ROOT detect-libc@2.1.2 OK for: lightningcss@1.32.0 want: ^2.0.3
933 silly placeDep ROOT lightningcss-android-arm64@1.32.0 OK for: lightningcss@1.32.0 want: 1.32.0
934 silly placeDep ROOT lightningcss-darwin-arm64@1.32.0 OK for: lightningcss@1.32.0 want: 1.32.0
935 silly placeDep ROOT lightningcss-darwin-x64@1.32.0 OK for: lightningcss@1.32.0 want: 1.32.0
936 silly placeDep ROOT lightningcss-freebsd-x64@1.32.0 OK for: lightningcss@1.32.0 want: 1.32.0
937 silly placeDep ROOT lightningcss-linux-arm-gnueabihf@1.32.0 OK for: lightningcss@1.32.0 want: 1.32.0
938 silly placeDep ROOT lightningcss-linux-arm64-gnu@1.32.0 OK for: lightningcss@1.32.0 want: 1.32.0
939 silly placeDep ROOT lightningcss-linux-arm64-musl@1.32.0 OK for: lightningcss@1.32.0 want: 1.32.0
940 silly placeDep ROOT lightningcss-linux-x64-gnu@1.32.0 OK for: lightningcss@1.32.0 want: 1.32.0
941 silly placeDep ROOT lightningcss-linux-x64-musl@1.32.0 OK for: lightningcss@1.32.0 want: 1.32.0
942 silly placeDep ROOT lightningcss-win32-arm64-msvc@1.32.0 OK for: lightningcss@1.32.0 want: 1.32.0
943 silly placeDep ROOT lightningcss-win32-x64-msvc@1.32.0 OK for: lightningcss@1.32.0 want: 1.32.0
944 silly placeDep ROOT nanoid@3.3.12 OK for: postcss@8.5.15 want: ^3.3.12
945 silly placeDep ROOT source-map-js@1.2.1 OK for: postcss@8.5.15 want: ^1.2.1
946 silly placeDep ROOT @oxc-project/types@0.132.0 OK for: rolldown@1.0.2 want: =0.132.0
947 silly placeDep ROOT @rolldown/binding-android-arm64@1.0.2 OK for: rolldown@1.0.2 want: 1.0.2
948 silly placeDep ROOT @rolldown/binding-darwin-arm64@1.0.2 OK for: rolldown@1.0.2 want: 1.0.2
949 silly placeDep ROOT @rolldown/binding-darwin-x64@1.0.2 OK for: rolldown@1.0.2 want: 1.0.2
950 silly placeDep ROOT @rolldown/binding-freebsd-x64@1.0.2 OK for: rolldown@1.0.2 want: 1.0.2
951 silly placeDep ROOT @rolldown/binding-linux-arm-gnueabihf@1.0.2 OK for: rolldown@1.0.2 want: 1.0.2
952 silly placeDep ROOT @rolldown/binding-linux-arm64-gnu@1.0.2 OK for: rolldown@1.0.2 want: 1.0.2
953 silly placeDep ROOT @rolldown/binding-linux-arm64-musl@1.0.2 OK for: rolldown@1.0.2 want: 1.0.2
954 silly placeDep ROOT @rolldown/binding-linux-ppc64-gnu@1.0.2 OK for: rolldown@1.0.2 want: 1.0.2
955 silly placeDep ROOT @rolldown/binding-linux-s390x-gnu@1.0.2 OK for: rolldown@1.0.2 want: 1.0.2
956 silly placeDep ROOT @rolldown/binding-linux-x64-gnu@1.0.2 OK for: rolldown@1.0.2 want: 1.0.2
957 silly placeDep ROOT @rolldown/binding-linux-x64-musl@1.0.2 OK for: rolldown@1.0.2 want: 1.0.2
958 silly placeDep ROOT @rolldown/binding-openharmony-arm64@1.0.2 OK for: rolldown@1.0.2 want: 1.0.2
959 silly placeDep ROOT @rolldown/binding-wasm32-wasi@1.0.2 OK for: rolldown@1.0.2 want: 1.0.2
960 silly placeDep ROOT @rolldown/binding-win32-arm64-msvc@1.0.2 OK for: rolldown@1.0.2 want: 1.0.2
961 silly placeDep ROOT @rolldown/binding-win32-x64-msvc@1.0.2 OK for: rolldown@1.0.2 want: 1.0.2
962 silly fetch manifest @napi-rs/wasm-runtime@^1.1.4
963 silly packumentCache full:https://registry.npmjs.org/@napi-rs%2fwasm-runtime cache-miss
964 silly fetch manifest @emnapi/core@1.10.0
965 silly packumentCache full:https://registry.npmjs.org/@emnapi%2fcore cache-miss
966 silly fetch manifest @emnapi/runtime@1.10.0
967 silly packumentCache full:https://registry.npmjs.org/@emnapi%2fruntime cache-miss
968 http fetch GET 200 https://registry.npmjs.org/@napi-rs%2fwasm-runtime 84ms (cache miss)
969 silly packumentCache full:https://registry.npmjs.org/@napi-rs%2fwasm-runtime set size:undefined disposed:false
970 http fetch GET 200 https://registry.npmjs.org/@emnapi%2fcore 98ms (cache miss)
971 silly packumentCache full:https://registry.npmjs.org/@emnapi%2fcore set size:undefined disposed:false
972 http fetch GET 200 https://registry.npmjs.org/@emnapi%2fruntime 109ms (cache miss)
973 silly packumentCache full:https://registry.npmjs.org/@emnapi%2fruntime set size:undefined disposed:false
974 silly placeDep ROOT @emnapi/core@1.10.0 OK for: @rolldown/binding-wasm32-wasi@1.0.2 want: 1.10.0
975 silly placeDep ROOT @emnapi/runtime@1.10.0 OK for: @rolldown/binding-wasm32-wasi@1.0.2 want: 1.10.0
976 silly placeDep ROOT @napi-rs/wasm-runtime@1.1.4 OK for: @rolldown/binding-wasm32-wasi@1.0.2 want: ^1.1.4
977 silly fetch manifest tslib@^2.4.0
978 silly packumentCache full:https://registry.npmjs.org/tslib cache-miss
979 silly fetch manifest @emnapi/wasi-threads@1.2.1
980 silly packumentCache full:https://registry.npmjs.org/@emnapi%2fwasi-threads cache-miss
981 silly fetch manifest tslib@^2.4.0
982 silly packumentCache full:https://registry.npmjs.org/tslib cache-miss
983 silly fetch manifest @tybys/wasm-util@^0.10.1
984 silly packumentCache full:https://registry.npmjs.org/@tybys%2fwasm-util cache-miss
985 http fetch GET 200 https://registry.npmjs.org/tslib 102ms (cache miss)
986 silly packumentCache full:https://registry.npmjs.org/tslib set size:undefined disposed:false
987 http fetch GET 200 https://registry.npmjs.org/@emnapi%2fwasi-threads 105ms (cache miss)
988 silly packumentCache full:https://registry.npmjs.org/@emnapi%2fwasi-threads set size:undefined disposed:false
989 http fetch GET 200 https://registry.npmjs.org/@tybys%2fwasm-util 109ms (cache miss)
990 silly packumentCache full:https://registry.npmjs.org/@tybys%2fwasm-util set size:undefined disposed:false
991 http fetch GET 200 https://registry.npmjs.org/tslib 122ms (cache miss)
992 silly packumentCache full:https://registry.npmjs.org/tslib set size:undefined disposed:false
993 silly placeDep ROOT @emnapi/wasi-threads@1.2.1 OK for: @emnapi/core@1.10.0 want: 1.2.1
994 silly placeDep ROOT tslib@2.8.1 OK for: @emnapi/core@1.10.0 want: ^2.4.0
995 silly placeDep ROOT @tybys/wasm-util@0.10.2 OK for: @napi-rs/wasm-runtime@1.1.4 want: ^0.10.1
996 silly placeDep ROOT fdir@6.5.0 OK for: tinyglobby@0.2.16 want: ^6.5.0
997 silly placeDep ROOT isexe@2.0.0 OK for: which@2.0.2 want: ^2.0.0
998 warn EBADENGINE Unsupported engine {
998 warn EBADENGINE   package: '@eslint/js@10.0.1',
998 warn EBADENGINE   required: { node: '^20.19.0 || ^22.13.0 || >=24' },
998 warn EBADENGINE   current: { node: 'v22.12.0', npm: '11.0.0' }
998 warn EBADENGINE }
999 warn EBADENGINE Unsupported engine {
999 warn EBADENGINE   package: 'eslint@10.4.0',
999 warn EBADENGINE   required: { node: '^20.19.0 || ^22.13.0 || >=24' },
999 warn EBADENGINE   current: { node: 'v22.12.0', npm: '11.0.0' }
999 warn EBADENGINE }
1000 warn EBADENGINE Unsupported engine {
1000 warn EBADENGINE   package: '@eslint/config-array@0.23.5',
1000 warn EBADENGINE   required: { node: '^20.19.0 || ^22.13.0 || >=24' },
1000 warn EBADENGINE   current: { node: 'v22.12.0', npm: '11.0.0' }
1000 warn EBADENGINE }
1001 warn EBADENGINE Unsupported engine {
1001 warn EBADENGINE   package: '@eslint/config-helpers@0.6.0',
1001 warn EBADENGINE   required: { node: '^20.19.0 || ^22.13.0 || >=24' },
1001 warn EBADENGINE   current: { node: 'v22.12.0', npm: '11.0.0' }
1001 warn EBADENGINE }
1002 warn EBADENGINE Unsupported engine {
1002 warn EBADENGINE   package: '@eslint/core@1.2.1',
1002 warn EBADENGINE   required: { node: '^20.19.0 || ^22.13.0 || >=24' },
1002 warn EBADENGINE   current: { node: 'v22.12.0', npm: '11.0.0' }
1002 warn EBADENGINE }
1003 warn EBADENGINE Unsupported engine {
1003 warn EBADENGINE   package: '@eslint/plugin-kit@0.7.1',
1003 warn EBADENGINE   required: { node: '^20.19.0 || ^22.13.0 || >=24' },
1003 warn EBADENGINE   current: { node: 'v22.12.0', npm: '11.0.0' }
1003 warn EBADENGINE }
1004 warn EBADENGINE Unsupported engine {
1004 warn EBADENGINE   package: 'eslint-scope@9.1.2',
1004 warn EBADENGINE   required: { node: '^20.19.0 || ^22.13.0 || >=24' },
1004 warn EBADENGINE   current: { node: 'v22.12.0', npm: '11.0.0' }
1004 warn EBADENGINE }
1005 warn EBADENGINE Unsupported engine {
1005 warn EBADENGINE   package: 'eslint-visitor-keys@5.0.1',
1005 warn EBADENGINE   required: { node: '^20.19.0 || ^22.13.0 || >=24' },
1005 warn EBADENGINE   current: { node: 'v22.12.0', npm: '11.0.0' }
1005 warn EBADENGINE }
1006 warn EBADENGINE Unsupported engine {
1006 warn EBADENGINE   package: 'espree@11.2.0',
1006 warn EBADENGINE   required: { node: '^20.19.0 || ^22.13.0 || >=24' },
1006 warn EBADENGINE   current: { node: 'v22.12.0', npm: '11.0.0' }
1006 warn EBADENGINE }
1007 warn EBADENGINE Unsupported engine {
1007 warn EBADENGINE   package: '@eslint/object-schema@3.0.5',
1007 warn EBADENGINE   required: { node: '^20.19.0 || ^22.13.0 || >=24' },
1007 warn EBADENGINE   current: { node: 'v22.12.0', npm: '11.0.0' }
1007 warn EBADENGINE }
1008 silly reify moves {}
1009 silly audit bulk request {
1009 silly audit   '@eslint/js': [ '10.0.1' ],
1009 silly audit   '@types/react': [ '19.2.15' ],
1009 silly audit   '@types/react-dom': [ '19.2.3' ],
1009 silly audit   '@vitejs/plugin-react': [ '6.0.2' ],
1009 silly audit   vite: [ '8.0.14' ],
1009 silly audit   eslint: [ '10.4.0' ],
1009 silly audit   'eslint-plugin-react-hooks': [ '7.1.1' ],
1009 silly audit   'eslint-plugin-react-refresh': [ '0.5.2' ],
1009 silly audit   globals: [ '17.6.0' ],
1009 silly audit   react: [ '19.2.6' ],
1009 silly audit   'react-dom': [ '19.2.6' ],
1009 silly audit   csstype: [ '3.2.3' ],
1009 silly audit   '@rolldown/pluginutils': [ '1.0.1' ],
1009 silly audit   '@eslint-community/eslint-utils': [ '4.9.1' ],
1009 silly audit   '@eslint-community/regexpp': [ '4.12.2' ],
1009 silly audit   '@eslint/config-array': [ '0.23.5' ],
1009 silly audit   '@eslint/config-helpers': [ '0.6.0' ],
1009 silly audit   '@eslint/core': [ '1.2.1' ],
1009 silly audit   '@eslint/plugin-kit': [ '0.7.1' ],
1009 silly audit   '@humanfs/node': [ '0.16.8' ],
1009 silly audit   '@humanwhocodes/module-importer': [ '1.0.1' ],
1009 silly audit   '@humanwhocodes/retry': [ '0.4.3' ],
1009 silly audit   '@types/estree': [ '1.0.9' ],
1009 silly audit   ajv: [ '6.15.0' ],
1009 silly audit   'cross-spawn': [ '7.0.6' ],
1009 silly audit   debug: [ '4.4.3' ],
1009 silly audit   'escape-string-regexp': [ '4.0.0' ],
1009 silly audit   'eslint-scope': [ '9.1.2' ],
1009 silly audit   'eslint-visitor-keys': [ '5.0.1', '3.4.3' ],
1009 silly audit   espree: [ '11.2.0' ],
1009 silly audit   esquery: [ '1.7.0' ],
1009 silly audit   esutils: [ '2.0.3' ],
1009 silly audit   'fast-deep-equal': [ '3.1.3' ],
1009 silly audit   'file-entry-cache': [ '8.0.0' ],
1009 silly audit   'find-up': [ '5.0.0' ],
1009 silly audit   'glob-parent': [ '6.0.2' ],
1009 silly audit   ignore: [ '5.3.2' ],
1009 silly audit   imurmurhash: [ '0.1.4' ],
1009 silly audit   'is-glob': [ '4.0.3' ],
1009 silly audit   'json-stable-stringify-without-jsonify': [ '1.0.1' ],
1009 silly audit   minimatch: [ '10.2.5' ],
1009 silly audit   'natural-compare': [ '1.4.0' ],
1009 silly audit   optionator: [ '0.9.4' ],
1009 silly audit   '@eslint/object-schema': [ '3.0.5' ],
1009 silly audit   '@types/json-schema': [ '7.0.15' ],
1009 silly audit   levn: [ '0.4.1' ],
1009 silly audit   '@humanfs/core': [ '0.19.2' ],
1009 silly audit   '@humanfs/types': [ '0.15.0' ],
1009 silly audit   'fast-json-stable-stringify': [ '2.1.0' ],
1009 silly audit   'json-schema-traverse': [ '0.4.1' ],
1009 silly audit   'uri-js': [ '4.4.1' ],
1009 silly audit   'path-key': [ '3.1.1' ],
1009 silly audit   'shebang-command': [ '2.0.0' ],
1009 silly audit   which: [ '2.0.2' ],
1009 silly audit   ms: [ '2.1.3' ],
1009 silly audit   '@babel/core': [ '7.29.0' ],
1009 silly audit   '@babel/parser': [ '7.29.3' ],
1009 silly audit   'hermes-parser': [ '0.25.1' ],
1009 silly audit   zod: [ '4.4.3' ],
1009 silly audit   'zod-validation-error': [ '4.0.2' ],
1009 silly audit   '@babel/code-frame': [ '7.29.0' ],
1009 silly audit   '@babel/generator': [ '7.29.1' ],
1009 silly audit   '@babel/helper-compilation-targets': [ '7.28.6' ],
1009 silly audit   '@babel/helper-module-transforms': [ '7.28.6' ],
1009 silly audit   '@babel/helpers': [ '7.29.2' ],
1009 silly audit   '@babel/template': [ '7.28.6' ],
1009 silly audit   '@babel/traverse': [ '7.29.0' ],
1009 silly audit   '@babel/types': [ '7.29.0' ],
1009 silly audit   '@jridgewell/remapping': [ '2.3.5' ],
1009 silly audit   'convert-source-map': [ '2.0.0' ],
1009 silly audit   gensync: [ '1.0.0-beta.2' ],
1009 silly audit   json5: [ '2.2.3' ],
1009 silly audit   semver: [ '6.3.1' ],
1009 silly audit   '@babel/helper-validator-identifier': [ '7.28.5' ],
1009 silly audit   'js-tokens': [ '4.0.0' ],
1009 silly audit   picocolors: [ '1.1.1' ],
1009 silly audit   '@jridgewell/gen-mapping': [ '0.3.13' ],
1009 silly audit   '@jridgewell/trace-mapping': [ '0.3.31' ],
1009 silly audit   jsesc: [ '3.1.0' ],
1009 silly audit   '@babel/compat-data': [ '7.29.3' ],
1009 silly audit   '@babel/helper-validator-option': [ '7.27.1' ],
1009 silly audit   browserslist: [ '4.28.2' ],
1009 silly audit   'lru-cache': [ '5.1.1' ],
1009 silly audit   '@babel/helper-module-imports': [ '7.28.6' ],
1009 silly audit   '@babel/helper-globals': [ '7.28.0' ],
1009 silly audit   '@babel/helper-string-parser': [ '7.27.1' ],
1009 silly audit   '@jridgewell/sourcemap-codec': [ '1.5.5' ],
1009 silly audit   '@jridgewell/resolve-uri': [ '3.1.2' ],
1009 silly audit   'baseline-browser-mapping': [ '2.10.32' ],
1009 silly audit   'caniuse-lite': [ '1.0.30001793' ],
1009 silly audit   'electron-to-chromium': [ '1.5.361' ],
1009 silly audit   'node-releases': [ '2.0.46' ],
1009 silly audit   'update-browserslist-db': [ '1.2.3' ],
1009 silly audit   '@types/esrecurse': [ '4.3.1' ],
1009 silly audit   esrecurse: [ '4.3.0' ],
1009 silly audit   estraverse: [ '5.3.0' ],
1009 silly audit   acorn: [ '8.16.0' ],
1009 silly audit   'acorn-jsx': [ '5.3.2' ],
1009 silly audit   'flat-cache': [ '4.0.1' ],
1009 silly audit   'locate-path': [ '6.0.0' ],
1009 silly audit   'path-exists': [ '4.0.0' ],
1009 silly audit   flatted: [ '3.4.2' ],
1009 silly audit   keyv: [ '4.5.4' ],
1009 silly audit   'hermes-estree': [ '0.25.1' ],
1009 silly audit   'is-extglob': [ '2.1.1' ],
1009 silly audit   'json-buffer': [ '3.0.1' ],
1009 silly audit   'prelude-ls': [ '1.2.1' ],
1009 silly audit   'type-check': [ '0.4.0' ],
1009 silly audit   'p-locate': [ '5.0.0' ],
1009 silly audit   yallist: [ '3.1.1' ],
1009 silly audit   'brace-expansion': [ '5.0.6' ],
1009 silly audit   'balanced-match': [ '4.0.4' ],
1009 silly audit   'deep-is': [ '0.1.4' ],
1009 silly audit   'fast-levenshtein': [ '2.0.6' ],
1009 silly audit   'word-wrap': [ '1.2.5' ],
1009 silly audit   'p-limit': [ '3.1.0' ],
1009 silly audit   'yocto-queue': [ '0.1.0' ],
1009 silly audit   scheduler: [ '0.27.0' ],
1009 silly audit   'shebang-regex': [ '3.0.0' ],
1009 silly audit   escalade: [ '3.2.0' ],
1009 silly audit   punycode: [ '2.3.1' ],
1009 silly audit   fsevents: [ '2.3.3' ],
1009 silly audit   lightningcss: [ '1.32.0' ],
1009 silly audit   picomatch: [ '4.0.4' ],
1009 silly audit   postcss: [ '8.5.15' ],
1009 silly audit   rolldown: [ '1.0.2' ],
1009 silly audit   tinyglobby: [ '0.2.16' ],
1009 silly audit   'detect-libc': [ '2.1.2' ],
1009 silly audit   'lightningcss-android-arm64': [ '1.32.0' ],
1009 silly audit   'lightningcss-darwin-arm64': [ '1.32.0' ],
1009 silly audit   'lightningcss-darwin-x64': [ '1.32.0' ],
1009 silly audit   'lightningcss-freebsd-x64': [ '1.32.0' ],
1009 silly audit   'lightningcss-linux-arm-gnueabihf': [ '1.32.0' ],
1009 silly audit   'lightningcss-linux-arm64-gnu': [ '1.32.0' ],
1009 silly audit   'lightningcss-linux-arm64-musl': [ '1.32.0' ],
1009 silly audit   'lightningcss-linux-x64-gnu': [ '1.32.0' ],
1009 silly audit   'lightningcss-linux-x64-musl': [ '1.32.0' ],
1009 silly audit   'lightningcss-win32-arm64-msvc': [ '1.32.0' ],
1009 silly audit   'lightningcss-win32-x64-msvc': [ '1.32.0' ],
1009 silly audit   nanoid: [ '3.3.12' ],
1009 silly audit   'source-map-js': [ '1.2.1' ],
1009 silly audit   '@oxc-project/types': [ '0.132.0' ],
1009 silly audit   '@rolldown/binding-android-arm64': [ '1.0.2' ],
1009 silly audit   '@rolldown/binding-darwin-arm64': [ '1.0.2' ],
1009 silly audit   '@rolldown/binding-darwin-x64': [ '1.0.2' ],
1009 silly audit   '@rolldown/binding-freebsd-x64': [ '1.0.2' ],
1009 silly audit   '@rolldown/binding-linux-arm-gnueabihf': [ '1.0.2' ],
1009 silly audit   '@rolldown/binding-linux-arm64-gnu': [ '1.0.2' ],
1009 silly audit   '@rolldown/binding-linux-arm64-musl': [ '1.0.2' ],
1009 silly audit   '@rolldown/binding-linux-ppc64-gnu': [ '1.0.2' ],
1009 silly audit   '@rolldown/binding-linux-s390x-gnu': [ '1.0.2' ],
1009 silly audit   '@rolldown/binding-linux-x64-gnu': [ '1.0.2' ],
1009 silly audit   '@rolldown/binding-linux-x64-musl': [ '1.0.2' ],
1009 silly audit   '@rolldown/binding-openharmony-arm64': [ '1.0.2' ],
1009 silly audit   '@rolldown/binding-wasm32-wasi': [ '1.0.2' ],
1009 silly audit   '@rolldown/binding-win32-arm64-msvc': [ '1.0.2' ],
1009 silly audit   '@rolldown/binding-win32-x64-msvc': [ '1.0.2' ],
1009 silly audit   '@emnapi/core': [ '1.10.0' ],
1009 silly audit   '@emnapi/runtime': [ '1.10.0' ],
1009 silly audit   '@napi-rs/wasm-runtime': [ '1.1.4' ],
1009 silly audit   '@emnapi/wasi-threads': [ '1.2.1' ],
1009 silly audit   tslib: [ '2.8.1' ],
1009 silly audit   '@tybys/wasm-util': [ '0.10.2' ],
1009 silly audit   fdir: [ '6.5.0' ],
1009 silly audit   isexe: [ '2.0.0' ]
1009 silly audit }
1010 verbose reify failed optional dependency D:\crop_site\frontend\node_modules\@rolldown\binding-win32-arm64-msvc
1011 silly reify mark deleted [
1011 silly reify   'D:\\crop_site\\frontend\\node_modules\\@rolldown\\binding-win32-arm64-msvc'
1011 silly reify ]
1012 verbose reify failed optional dependency D:\crop_site\frontend\node_modules\@rolldown\binding-wasm32-wasi
1013 silly reify mark deleted [
1013 silly reify   'D:\\crop_site\\frontend\\node_modules\\@rolldown\\binding-wasm32-wasi'
1013 silly reify ]
1014 verbose reify failed optional dependency D:\crop_site\frontend\node_modules\@napi-rs\wasm-runtime
1015 silly reify mark deleted [ 'D:\\crop_site\\frontend\\node_modules\\@napi-rs\\wasm-runtime' ]
1016 verbose reify failed optional dependency D:\crop_site\frontend\node_modules\@emnapi\core
1017 silly reify mark deleted [ 'D:\\crop_site\\frontend\\node_modules\\@emnapi\\core' ]
1018 verbose reify failed optional dependency D:\crop_site\frontend\node_modules\@emnapi\runtime
1019 silly reify mark deleted [ 'D:\\crop_site\\frontend\\node_modules\\@emnapi\\runtime' ]
1020 verbose reify failed optional dependency D:\crop_site\frontend\node_modules\@tybys\wasm-util
1021 silly reify mark deleted [ 'D:\\crop_site\\frontend\\node_modules\\@tybys\\wasm-util' ]
1022 verbose reify failed optional dependency D:\crop_site\frontend\node_modules\tslib
1023 silly reify mark deleted [ 'D:\\crop_site\\frontend\\node_modules\\tslib' ]
1024 verbose reify failed optional dependency D:\crop_site\frontend\node_modules\@emnapi\wasi-threads
1025 silly reify mark deleted [ 'D:\\crop_site\\frontend\\node_modules\\@emnapi\\wasi-threads' ]
1026 verbose reify failed optional dependency D:\crop_site\frontend\node_modules\@rolldown\binding-openharmony-arm64
1027 silly reify mark deleted [
1027 silly reify   'D:\\crop_site\\frontend\\node_modules\\@rolldown\\binding-openharmony-arm64'
1027 silly reify ]
1028 verbose reify failed optional dependency D:\crop_site\frontend\node_modules\@rolldown\binding-linux-x64-musl
1029 silly reify mark deleted [
1029 silly reify   'D:\\crop_site\\frontend\\node_modules\\@rolldown\\binding-linux-x64-musl'
1029 silly reify ]
1030 verbose reify failed optional dependency D:\crop_site\frontend\node_modules\@rolldown\binding-linux-x64-gnu
1031 silly reify mark deleted [
1031 silly reify   'D:\\crop_site\\frontend\\node_modules\\@rolldown\\binding-linux-x64-gnu'
1031 silly reify ]
1032 verbose reify failed optional dependency D:\crop_site\frontend\node_modules\@rolldown\binding-linux-s390x-gnu
1033 silly reify mark deleted [
1033 silly reify   'D:\\crop_site\\frontend\\node_modules\\@rolldown\\binding-linux-s390x-gnu'
1033 silly reify ]
1034 verbose reify failed optional dependency D:\crop_site\frontend\node_modules\@rolldown\binding-linux-ppc64-gnu
1035 silly reify mark deleted [
1035 silly reify   'D:\\crop_site\\frontend\\node_modules\\@rolldown\\binding-linux-ppc64-gnu'
1035 silly reify ]
1036 verbose reify failed optional dependency D:\crop_site\frontend\node_modules\@rolldown\binding-linux-arm64-musl
1037 silly reify mark deleted [
1037 silly reify   'D:\\crop_site\\frontend\\node_modules\\@rolldown\\binding-linux-arm64-musl'
1037 silly reify ]
1038 verbose reify failed optional dependency D:\crop_site\frontend\node_modules\@rolldown\binding-linux-arm64-gnu
1039 silly reify mark deleted [
1039 silly reify   'D:\\crop_site\\frontend\\node_modules\\@rolldown\\binding-linux-arm64-gnu'
1039 silly reify ]
1040 verbose reify failed optional dependency D:\crop_site\frontend\node_modules\@rolldown\binding-linux-arm-gnueabihf
1041 silly reify mark deleted [
1041 silly reify   'D:\\crop_site\\frontend\\node_modules\\@rolldown\\binding-linux-arm-gnueabihf'
1041 silly reify ]
1042 verbose reify failed optional dependency D:\crop_site\frontend\node_modules\@rolldown\binding-freebsd-x64
1043 silly reify mark deleted [
1043 silly reify   'D:\\crop_site\\frontend\\node_modules\\@rolldown\\binding-freebsd-x64'
1043 silly reify ]
1044 verbose reify failed optional dependency D:\crop_site\frontend\node_modules\@rolldown\binding-darwin-x64
1045 silly reify mark deleted [
1045 silly reify   'D:\\crop_site\\frontend\\node_modules\\@rolldown\\binding-darwin-x64'
1045 silly reify ]
1046 verbose reify failed optional dependency D:\crop_site\frontend\node_modules\@rolldown\binding-darwin-arm64
1047 silly reify mark deleted [
1047 silly reify   'D:\\crop_site\\frontend\\node_modules\\@rolldown\\binding-darwin-arm64'
1047 silly reify ]
1048 verbose reify failed optional dependency D:\crop_site\frontend\node_modules\@rolldown\binding-android-arm64
1049 silly reify mark deleted [
1049 silly reify   'D:\\crop_site\\frontend\\node_modules\\@rolldown\\binding-android-arm64'
1049 silly reify ]
1050 verbose reify failed optional dependency D:\crop_site\frontend\node_modules\lightningcss-win32-arm64-msvc
1051 silly reify mark deleted [
1051 silly reify   'D:\\crop_site\\frontend\\node_modules\\lightningcss-win32-arm64-msvc'
1051 silly reify ]
1052 verbose reify failed optional dependency D:\crop_site\frontend\node_modules\lightningcss-linux-x64-musl
1053 silly reify mark deleted [
1053 silly reify   'D:\\crop_site\\frontend\\node_modules\\lightningcss-linux-x64-musl'
1053 silly reify ]
1054 verbose reify failed optional dependency D:\crop_site\frontend\node_modules\lightningcss-linux-x64-gnu
1055 silly reify mark deleted [ 'D:\\crop_site\\frontend\\node_modules\\lightningcss-linux-x64-gnu' ]
1056 verbose reify failed optional dependency D:\crop_site\frontend\node_modules\lightningcss-linux-arm64-musl
1057 silly reify mark deleted [
1057 silly reify   'D:\\crop_site\\frontend\\node_modules\\lightningcss-linux-arm64-musl'
1057 silly reify ]
1058 verbose reify failed optional dependency D:\crop_site\frontend\node_modules\lightningcss-linux-arm64-gnu
1059 silly reify mark deleted [
1059 silly reify   'D:\\crop_site\\frontend\\node_modules\\lightningcss-linux-arm64-gnu'
1059 silly reify ]
1060 verbose reify failed optional dependency D:\crop_site\frontend\node_modules\lightningcss-linux-arm-gnueabihf
1061 silly reify mark deleted [
1061 silly reify   'D:\\crop_site\\frontend\\node_modules\\lightningcss-linux-arm-gnueabihf'
1061 silly reify ]
1062 verbose reify failed optional dependency D:\crop_site\frontend\node_modules\lightningcss-freebsd-x64
1063 silly reify mark deleted [ 'D:\\crop_site\\frontend\\node_modules\\lightningcss-freebsd-x64' ]
1064 verbose reify failed optional dependency D:\crop_site\frontend\node_modules\lightningcss-darwin-x64
1065 silly reify mark deleted [ 'D:\\crop_site\\frontend\\node_modules\\lightningcss-darwin-x64' ]
1066 verbose reify failed optional dependency D:\crop_site\frontend\node_modules\lightningcss-darwin-arm64
1067 silly reify mark deleted [ 'D:\\crop_site\\frontend\\node_modules\\lightningcss-darwin-arm64' ]
1068 verbose reify failed optional dependency D:\crop_site\frontend\node_modules\lightningcss-android-arm64
1069 silly reify mark deleted [ 'D:\\crop_site\\frontend\\node_modules\\lightningcss-android-arm64' ]
1070 verbose reify failed optional dependency D:\crop_site\frontend\node_modules\fsevents
1071 silly reify mark deleted [ 'D:\\crop_site\\frontend\\node_modules\\fsevents' ]
1072 http cache @tybys/wasm-util@https://registry.npmjs.org/@tybys/wasm-util/-/wasm-util-0.10.2.tgz 0ms (cache hit)
1073 http cache @napi-rs/wasm-runtime@https://registry.npmjs.org/@napi-rs/wasm-runtime/-/wasm-runtime-1.1.4.tgz 0ms (cache hit)
1074 http cache isexe@https://registry.npmjs.org/isexe/-/isexe-2.0.0.tgz 0ms (cache hit)
1075 http cache fdir@https://registry.npmjs.org/fdir/-/fdir-6.5.0.tgz 0ms (cache hit)
1076 http cache @rolldown/binding-win32-x64-msvc@https://registry.npmjs.org/@rolldown/binding-win32-x64-msvc/-/binding-win32-x64-msvc-1.0.2.tgz 0ms (cache hit)
1077 http cache tslib@https://registry.npmjs.org/tslib/-/tslib-2.8.1.tgz 0ms (cache hit)
1078 http cache @emnapi/wasi-threads@https://registry.npmjs.org/@emnapi/wasi-threads/-/wasi-threads-1.2.1.tgz 0ms (cache hit)
1079 http cache @oxc-project/types@https://registry.npmjs.org/@oxc-project/types/-/types-0.132.0.tgz 0ms (cache hit)
1080 http cache @emnapi/core@https://registry.npmjs.org/@emnapi/core/-/core-1.10.0.tgz 0ms (cache hit)
1081 http cache nanoid@https://registry.npmjs.org/nanoid/-/nanoid-3.3.12.tgz 0ms (cache hit)
1082 http cache @emnapi/runtime@https://registry.npmjs.org/@emnapi/runtime/-/runtime-1.10.0.tgz 0ms (cache hit)
1083 http cache source-map-js@https://registry.npmjs.org/source-map-js/-/source-map-js-1.2.1.tgz 0ms (cache hit)
1084 http cache detect-libc@https://registry.npmjs.org/detect-libc/-/detect-libc-2.1.2.tgz 0ms (cache hit)
1085 http cache tinyglobby@https://registry.npmjs.org/tinyglobby/-/tinyglobby-0.2.16.tgz 0ms (cache hit)
1086 http cache lightningcss-win32-x64-msvc@https://registry.npmjs.org/lightningcss-win32-x64-msvc/-/lightningcss-win32-x64-msvc-1.32.0.tgz 0ms (cache hit)
1087 http cache postcss@https://registry.npmjs.org/postcss/-/postcss-8.5.15.tgz 0ms (cache hit)
1088 http cache rolldown@https://registry.npmjs.org/rolldown/-/rolldown-1.0.2.tgz 0ms (cache hit)
1089 http cache picomatch@https://registry.npmjs.org/picomatch/-/picomatch-4.0.4.tgz 0ms (cache hit)
1090 http cache punycode@https://registry.npmjs.org/punycode/-/punycode-2.3.1.tgz 0ms (cache hit)
1091 http cache escalade@https://registry.npmjs.org/escalade/-/escalade-3.2.0.tgz 0ms (cache hit)
1092 http cache lightningcss@https://registry.npmjs.org/lightningcss/-/lightningcss-1.32.0.tgz 0ms (cache hit)
1093 http cache scheduler@https://registry.npmjs.org/scheduler/-/scheduler-0.27.0.tgz 0ms (cache hit)
1094 http cache shebang-regex@https://registry.npmjs.org/shebang-regex/-/shebang-regex-3.0.0.tgz 0ms (cache hit)
1095 http cache yocto-queue@https://registry.npmjs.org/yocto-queue/-/yocto-queue-0.1.0.tgz 0ms (cache hit)
1096 http cache word-wrap@https://registry.npmjs.org/word-wrap/-/word-wrap-1.2.5.tgz 0ms (cache hit)
1097 http cache p-limit@https://registry.npmjs.org/p-limit/-/p-limit-3.1.0.tgz 0ms (cache hit)
1098 http cache fast-levenshtein@https://registry.npmjs.org/fast-levenshtein/-/fast-levenshtein-2.0.6.tgz 0ms (cache hit)
1099 http cache deep-is@https://registry.npmjs.org/deep-is/-/deep-is-0.1.4.tgz 0ms (cache hit)
1100 http cache balanced-match@https://registry.npmjs.org/balanced-match/-/balanced-match-4.0.4.tgz 0ms (cache hit)
1101 http cache brace-expansion@https://registry.npmjs.org/brace-expansion/-/brace-expansion-5.0.6.tgz 0ms (cache hit)
1102 http cache type-check@https://registry.npmjs.org/type-check/-/type-check-0.4.0.tgz 0ms (cache hit)
1103 http cache json-buffer@https://registry.npmjs.org/json-buffer/-/json-buffer-3.0.1.tgz 0ms (cache hit)
1104 http cache yallist@https://registry.npmjs.org/yallist/-/yallist-3.1.1.tgz 0ms (cache hit)
1105 http cache is-extglob@https://registry.npmjs.org/is-extglob/-/is-extglob-2.1.1.tgz 0ms (cache hit)
1106 http cache hermes-estree@https://registry.npmjs.org/hermes-estree/-/hermes-estree-0.25.1.tgz 0ms (cache hit)
1107 http cache keyv@https://registry.npmjs.org/keyv/-/keyv-4.5.4.tgz 0ms (cache hit)
1108 http cache path-exists@https://registry.npmjs.org/path-exists/-/path-exists-4.0.0.tgz 0ms (cache hit)
1109 http cache locate-path@https://registry.npmjs.org/locate-path/-/locate-path-6.0.0.tgz 0ms (cache hit)
1110 http cache flat-cache@https://registry.npmjs.org/flat-cache/-/flat-cache-4.0.1.tgz 0ms (cache hit)
1111 http cache p-locate@https://registry.npmjs.org/p-locate/-/p-locate-5.0.0.tgz 0ms (cache hit)
1112 http cache acorn-jsx@https://registry.npmjs.org/acorn-jsx/-/acorn-jsx-5.3.2.tgz 0ms (cache hit)
1113 http cache prelude-ls@https://registry.npmjs.org/prelude-ls/-/prelude-ls-1.2.1.tgz 0ms (cache hit)
1114 http cache flatted@https://registry.npmjs.org/flatted/-/flatted-3.4.2.tgz 0ms (cache hit)
1115 http cache acorn@https://registry.npmjs.org/acorn/-/acorn-8.16.0.tgz 0ms (cache hit)
1116 http cache esrecurse@https://registry.npmjs.org/esrecurse/-/esrecurse-4.3.0.tgz 0ms (cache hit)
1117 http cache update-browserslist-db@https://registry.npmjs.org/update-browserslist-db/-/update-browserslist-db-1.2.3.tgz 0ms (cache hit)
1118 http cache @types/esrecurse@https://registry.npmjs.org/@types/esrecurse/-/esrecurse-4.3.1.tgz 0ms (cache hit)
1119 http cache estraverse@https://registry.npmjs.org/estraverse/-/estraverse-5.3.0.tgz 0ms (cache hit)
1120 http cache node-releases@https://registry.npmjs.org/node-releases/-/node-releases-2.0.46.tgz 0ms (cache hit)
1121 http cache electron-to-chromium@https://registry.npmjs.org/electron-to-chromium/-/electron-to-chromium-1.5.361.tgz 0ms (cache hit)
1122 http cache baseline-browser-mapping@https://registry.npmjs.org/baseline-browser-mapping/-/baseline-browser-mapping-2.10.32.tgz 0ms (cache hit)
1123 http cache caniuse-lite@https://registry.npmjs.org/caniuse-lite/-/caniuse-lite-1.0.30001793.tgz 0ms (cache hit)
1124 http cache @jridgewell/resolve-uri@https://registry.npmjs.org/@jridgewell/resolve-uri/-/resolve-uri-3.1.2.tgz 0ms (cache hit)
1125 http cache lru-cache@https://registry.npmjs.org/lru-cache/-/lru-cache-5.1.1.tgz 0ms (cache hit)
1126 http cache @jridgewell/sourcemap-codec@https://registry.npmjs.org/@jridgewell/sourcemap-codec/-/sourcemap-codec-1.5.5.tgz 0ms (cache hit)
1127 http cache browserslist@https://registry.npmjs.org/browserslist/-/browserslist-4.28.2.tgz 0ms (cache hit)
1128 http cache @babel/helper-string-parser@https://registry.npmjs.org/@babel/helper-string-parser/-/helper-string-parser-7.27.1.tgz 0ms (cache hit)
1129 http cache @babel/helper-module-imports@https://registry.npmjs.org/@babel/helper-module-imports/-/helper-module-imports-7.28.6.tgz 0ms (cache hit)
1130 http cache @babel/helper-globals@https://registry.npmjs.org/@babel/helper-globals/-/helper-globals-7.28.0.tgz 0ms (cache hit)
1131 http cache jsesc@https://registry.npmjs.org/jsesc/-/jsesc-3.1.0.tgz 0ms (cache hit)
1132 http cache @babel/compat-data@https://registry.npmjs.org/@babel/compat-data/-/compat-data-7.29.3.tgz 0ms (cache hit)
1133 http cache @jridgewell/gen-mapping@https://registry.npmjs.org/@jridgewell/gen-mapping/-/gen-mapping-0.3.13.tgz 0ms (cache hit)
1134 http cache @babel/helper-validator-option@https://registry.npmjs.org/@babel/helper-validator-option/-/helper-validator-option-7.27.1.tgz 0ms (cache hit)
1135 http cache picocolors@https://registry.npmjs.org/picocolors/-/picocolors-1.1.1.tgz 0ms (cache hit)
1136 http cache @jridgewell/trace-mapping@https://registry.npmjs.org/@jridgewell/trace-mapping/-/trace-mapping-0.3.31.tgz 0ms (cache hit)
1137 http cache @babel/helper-validator-identifier@https://registry.npmjs.org/@babel/helper-validator-identifier/-/helper-validator-identifier-7.28.5.tgz 0ms (cache hit)
1138 http cache semver@https://registry.npmjs.org/semver/-/semver-6.3.1.tgz 0ms (cache hit)
1139 http cache json5@https://registry.npmjs.org/json5/-/json5-2.2.3.tgz 0ms (cache hit)
1140 http cache @jridgewell/remapping@https://registry.npmjs.org/@jridgewell/remapping/-/remapping-2.3.5.tgz 0ms (cache hit)
1141 http cache convert-source-map@https://registry.npmjs.org/convert-source-map/-/convert-source-map-2.0.0.tgz 0ms (cache hit)
1142 http cache gensync@https://registry.npmjs.org/gensync/-/gensync-1.0.0-beta.2.tgz 0ms (cache hit)
1143 http cache js-tokens@https://registry.npmjs.org/js-tokens/-/js-tokens-4.0.0.tgz 0ms (cache hit)
1144 http cache @babel/types@https://registry.npmjs.org/@babel/types/-/types-7.29.0.tgz 0ms (cache hit)
1145 http cache @babel/traverse@https://registry.npmjs.org/@babel/traverse/-/traverse-7.29.0.tgz 0ms (cache hit)
1146 http cache @babel/helpers@https://registry.npmjs.org/@babel/helpers/-/helpers-7.29.2.tgz 0ms (cache hit)
1147 http cache @babel/template@https://registry.npmjs.org/@babel/template/-/template-7.28.6.tgz 0ms (cache hit)
1148 http cache zod@https://registry.npmjs.org/zod/-/zod-4.4.3.tgz 0ms (cache hit)
1149 http cache @babel/helper-module-transforms@https://registry.npmjs.org/@babel/helper-module-transforms/-/helper-module-transforms-7.28.6.tgz 0ms (cache hit)
1150 http cache zod-validation-error@https://registry.npmjs.org/zod-validation-error/-/zod-validation-error-4.0.2.tgz 0ms (cache hit)
1151 http cache @babel/code-frame@https://registry.npmjs.org/@babel/code-frame/-/code-frame-7.29.0.tgz 0ms (cache hit)
1152 http cache @babel/helper-compilation-targets@https://registry.npmjs.org/@babel/helper-compilation-targets/-/helper-compilation-targets-7.28.6.tgz 0ms (cache hit)
1153 http cache @babel/generator@https://registry.npmjs.org/@babel/generator/-/generator-7.29.1.tgz 0ms (cache hit)
1154 http cache hermes-parser@https://registry.npmjs.org/hermes-parser/-/hermes-parser-0.25.1.tgz 0ms (cache hit)
1155 http cache @babel/parser@https://registry.npmjs.org/@babel/parser/-/parser-7.29.3.tgz 0ms (cache hit)
1156 http cache @babel/core@https://registry.npmjs.org/@babel/core/-/core-7.29.0.tgz 0ms (cache hit)
1157 http cache ms@https://registry.npmjs.org/ms/-/ms-2.1.3.tgz 0ms (cache hit)
1158 http cache which@https://registry.npmjs.org/which/-/which-2.0.2.tgz 0ms (cache hit)
1159 http cache shebang-command@https://registry.npmjs.org/shebang-command/-/shebang-command-2.0.0.tgz 0ms (cache hit)
1160 http cache uri-js@https://registry.npmjs.org/uri-js/-/uri-js-4.4.1.tgz 0ms (cache hit)
1161 http cache json-schema-traverse@https://registry.npmjs.org/json-schema-traverse/-/json-schema-traverse-0.4.1.tgz 0ms (cache hit)
1162 http cache fast-json-stable-stringify@https://registry.npmjs.org/fast-json-stable-stringify/-/fast-json-stable-stringify-2.1.0.tgz 0ms (cache hit)
1163 http cache @humanfs/types@https://registry.npmjs.org/@humanfs/types/-/types-0.15.0.tgz 0ms (cache hit)
1164 http cache @humanfs/core@https://registry.npmjs.org/@humanfs/core/-/core-0.19.2.tgz 0ms (cache hit)
1165 http cache levn@https://registry.npmjs.org/levn/-/levn-0.4.1.tgz 0ms (cache hit)
1166 http cache @types/json-schema@https://registry.npmjs.org/@types/json-schema/-/json-schema-7.0.15.tgz 0ms (cache hit)
1167 http cache @eslint/object-schema@https://registry.npmjs.org/@eslint/object-schema/-/object-schema-3.0.5.tgz 0ms (cache hit)
1168 http cache optionator@https://registry.npmjs.org/optionator/-/optionator-0.9.4.tgz 0ms (cache hit)
1169 http cache natural-compare@https://registry.npmjs.org/natural-compare/-/natural-compare-1.4.0.tgz 0ms (cache hit)
1170 http cache minimatch@https://registry.npmjs.org/minimatch/-/minimatch-10.2.5.tgz 0ms (cache hit)
1171 http cache json-stable-stringify-without-jsonify@https://registry.npmjs.org/json-stable-stringify-without-jsonify/-/json-stable-stringify-without-jsonify-1.0.1.tgz 0ms (cache hit)
1172 http cache imurmurhash@https://registry.npmjs.org/imurmurhash/-/imurmurhash-0.1.4.tgz 0ms (cache hit)
1173 http cache glob-parent@https://registry.npmjs.org/glob-parent/-/glob-parent-6.0.2.tgz 0ms (cache hit)
1174 http cache ignore@https://registry.npmjs.org/ignore/-/ignore-5.3.2.tgz 0ms (cache hit)
1175 http cache path-key@https://registry.npmjs.org/path-key/-/path-key-3.1.1.tgz 0ms (cache hit)
1176 http cache file-entry-cache@https://registry.npmjs.org/file-entry-cache/-/file-entry-cache-8.0.0.tgz 0ms (cache hit)
1177 http cache find-up@https://registry.npmjs.org/find-up/-/find-up-5.0.0.tgz 0ms (cache hit)
1178 http cache fast-deep-equal@https://registry.npmjs.org/fast-deep-equal/-/fast-deep-equal-3.1.3.tgz 0ms (cache hit)
1179 http cache esutils@https://registry.npmjs.org/esutils/-/esutils-2.0.3.tgz 0ms (cache hit)
1180 http cache esquery@https://registry.npmjs.org/esquery/-/esquery-1.7.0.tgz 0ms (cache hit)
1181 http cache espree@https://registry.npmjs.org/espree/-/espree-11.2.0.tgz 0ms (cache hit)
1182 http cache eslint-visitor-keys@https://registry.npmjs.org/eslint-visitor-keys/-/eslint-visitor-keys-5.0.1.tgz 0ms (cache hit)
1183 http cache eslint-scope@https://registry.npmjs.org/eslint-scope/-/eslint-scope-9.1.2.tgz 0ms (cache hit)
1184 http cache escape-string-regexp@https://registry.npmjs.org/escape-string-regexp/-/escape-string-regexp-4.0.0.tgz 0ms (cache hit)
1185 http cache debug@https://registry.npmjs.org/debug/-/debug-4.4.3.tgz 0ms (cache hit)
1186 http cache cross-spawn@https://registry.npmjs.org/cross-spawn/-/cross-spawn-7.0.6.tgz 0ms (cache hit)
1187 http cache ajv@https://registry.npmjs.org/ajv/-/ajv-6.15.0.tgz 0ms (cache hit)
1188 http cache @types/estree@https://registry.npmjs.org/@types/estree/-/estree-1.0.9.tgz 0ms (cache hit)
1189 http cache @eslint/plugin-kit@https://registry.npmjs.org/@eslint/plugin-kit/-/plugin-kit-0.7.1.tgz 0ms (cache hit)
1190 http cache @humanfs/node@https://registry.npmjs.org/@humanfs/node/-/node-0.16.8.tgz 0ms (cache hit)
1191 http cache @humanwhocodes/module-importer@https://registry.npmjs.org/@humanwhocodes/module-importer/-/module-importer-1.0.1.tgz 0ms (cache hit)
1192 http cache @humanwhocodes/retry@https://registry.npmjs.org/@humanwhocodes/retry/-/retry-0.4.3.tgz 0ms (cache hit)
1193 http cache @eslint-community/regexpp@https://registry.npmjs.org/@eslint-community/regexpp/-/regexpp-4.12.2.tgz 0ms (cache hit)
1194 http cache @eslint-community/eslint-utils@https://registry.npmjs.org/@eslint-community/eslint-utils/-/eslint-utils-4.9.1.tgz 0ms (cache hit)
1195 http cache @eslint/core@https://registry.npmjs.org/@eslint/core/-/core-1.2.1.tgz 0ms (cache hit)
1196 http cache is-glob@https://registry.npmjs.org/is-glob/-/is-glob-4.0.3.tgz 0ms (cache hit)
1197 http cache @eslint/config-helpers@https://registry.npmjs.org/@eslint/config-helpers/-/config-helpers-0.6.0.tgz 0ms (cache hit)
1198 http cache @eslint/config-array@https://registry.npmjs.org/@eslint/config-array/-/config-array-0.23.5.tgz 0ms (cache hit)
1199 http cache @rolldown/pluginutils@https://registry.npmjs.org/@rolldown/pluginutils/-/pluginutils-1.0.1.tgz 0ms (cache hit)
1200 http cache csstype@https://registry.npmjs.org/csstype/-/csstype-3.2.3.tgz 0ms (cache hit)
1201 http cache eslint-plugin-react-hooks@https://registry.npmjs.org/eslint-plugin-react-hooks/-/eslint-plugin-react-hooks-7.1.1.tgz 0ms (cache hit)
1202 http cache @vitejs/plugin-react@https://registry.npmjs.org/@vitejs/plugin-react/-/plugin-react-6.0.2.tgz 0ms (cache hit)
1203 http cache globals@https://registry.npmjs.org/globals/-/globals-17.6.0.tgz 0ms (cache hit)
1204 http cache eslint-plugin-react-refresh@https://registry.npmjs.org/eslint-plugin-react-refresh/-/eslint-plugin-react-refresh-0.5.2.tgz 0ms (cache hit)
1205 http cache react@https://registry.npmjs.org/react/-/react-19.2.6.tgz 0ms (cache hit)
1206 http cache @types/react@https://registry.npmjs.org/@types/react/-/react-19.2.15.tgz 0ms (cache hit)
1207 http cache vite@https://registry.npmjs.org/vite/-/vite-8.0.14.tgz 0ms (cache hit)
1208 http cache react-dom@https://registry.npmjs.org/react-dom/-/react-dom-19.2.6.tgz 0ms (cache hit)
1209 http cache eslint@https://registry.npmjs.org/eslint/-/eslint-10.4.0.tgz 0ms (cache hit)
1210 silly tarball no local data for @tybys/wasm-util@https://registry.npmjs.org/@tybys/wasm-util/-/wasm-util-0.10.2.tgz. Extracting by manifest.
1211 silly tarball no local data for @napi-rs/wasm-runtime@https://registry.npmjs.org/@napi-rs/wasm-runtime/-/wasm-runtime-1.1.4.tgz. Extracting by manifest.
1212 http cache @eslint/js@https://registry.npmjs.org/@eslint/js/-/js-10.0.1.tgz 0ms (cache hit)
1213 http cache @types/react-dom@https://registry.npmjs.org/@types/react-dom/-/react-dom-19.2.3.tgz 0ms (cache hit)
1214 silly tarball no local data for isexe@https://registry.npmjs.org/isexe/-/isexe-2.0.0.tgz. Extracting by manifest.
1215 silly tarball no local data for fdir@https://registry.npmjs.org/fdir/-/fdir-6.5.0.tgz. Extracting by manifest.
1216 silly tarball no local data for @rolldown/binding-win32-x64-msvc@https://registry.npmjs.org/@rolldown/binding-win32-x64-msvc/-/binding-win32-x64-msvc-1.0.2.tgz. Extracting by manifest.
1217 silly tarball no local data for tslib@https://registry.npmjs.org/tslib/-/tslib-2.8.1.tgz. Extracting by manifest.
1218 silly tarball no local data for @emnapi/wasi-threads@https://registry.npmjs.org/@emnapi/wasi-threads/-/wasi-threads-1.2.1.tgz. Extracting by manifest.
1219 silly tarball no local data for @oxc-project/types@https://registry.npmjs.org/@oxc-project/types/-/types-0.132.0.tgz. Extracting by manifest.
1220 silly tarball no local data for @emnapi/core@https://registry.npmjs.org/@emnapi/core/-/core-1.10.0.tgz. Extracting by manifest.
1221 silly tarball no local data for nanoid@https://registry.npmjs.org/nanoid/-/nanoid-3.3.12.tgz. Extracting by manifest.
1222 silly tarball no local data for @emnapi/runtime@https://registry.npmjs.org/@emnapi/runtime/-/runtime-1.10.0.tgz. Extracting by manifest.
1223 silly tarball no local data for source-map-js@https://registry.npmjs.org/source-map-js/-/source-map-js-1.2.1.tgz. Extracting by manifest.
1224 silly tarball no local data for detect-libc@https://registry.npmjs.org/detect-libc/-/detect-libc-2.1.2.tgz. Extracting by manifest.
1225 silly tarball no local data for tinyglobby@https://registry.npmjs.org/tinyglobby/-/tinyglobby-0.2.16.tgz. Extracting by manifest.
1226 silly tarball no local data for lightningcss-win32-x64-msvc@https://registry.npmjs.org/lightningcss-win32-x64-msvc/-/lightningcss-win32-x64-msvc-1.32.0.tgz. Extracting by manifest.
1227 http cache eslint-visitor-keys@https://registry.npmjs.org/eslint-visitor-keys/-/eslint-visitor-keys-3.4.3.tgz 0ms (cache hit)
1228 silly tarball no local data for postcss@https://registry.npmjs.org/postcss/-/postcss-8.5.15.tgz. Extracting by manifest.
1229 silly tarball no local data for rolldown@https://registry.npmjs.org/rolldown/-/rolldown-1.0.2.tgz. Extracting by manifest.
1230 silly tarball no local data for picomatch@https://registry.npmjs.org/picomatch/-/picomatch-4.0.4.tgz. Extracting by manifest.
1231 silly tarball no local data for punycode@https://registry.npmjs.org/punycode/-/punycode-2.3.1.tgz. Extracting by manifest.
1232 silly tarball no local data for escalade@https://registry.npmjs.org/escalade/-/escalade-3.2.0.tgz. Extracting by manifest.
1233 silly tarball no local data for lightningcss@https://registry.npmjs.org/lightningcss/-/lightningcss-1.32.0.tgz. Extracting by manifest.
1234 silly tarball no local data for scheduler@https://registry.npmjs.org/scheduler/-/scheduler-0.27.0.tgz. Extracting by manifest.
1235 silly tarball no local data for shebang-regex@https://registry.npmjs.org/shebang-regex/-/shebang-regex-3.0.0.tgz. Extracting by manifest.
1236 silly tarball no local data for yocto-queue@https://registry.npmjs.org/yocto-queue/-/yocto-queue-0.1.0.tgz. Extracting by manifest.
1237 silly tarball no local data for word-wrap@https://registry.npmjs.org/word-wrap/-/word-wrap-1.2.5.tgz. Extracting by manifest.
1238 silly tarball no local data for p-limit@https://registry.npmjs.org/p-limit/-/p-limit-3.1.0.tgz. Extracting by manifest.
1239 silly tarball no local data for fast-levenshtein@https://registry.npmjs.org/fast-levenshtein/-/fast-levenshtein-2.0.6.tgz. Extracting by manifest.
1240 silly tarball no local data for deep-is@https://registry.npmjs.org/deep-is/-/deep-is-0.1.4.tgz. Extracting by manifest.
1241 silly tarball no local data for balanced-match@https://registry.npmjs.org/balanced-match/-/balanced-match-4.0.4.tgz. Extracting by manifest.
1242 silly tarball no local data for brace-expansion@https://registry.npmjs.org/brace-expansion/-/brace-expansion-5.0.6.tgz. Extracting by manifest.
1243 silly tarball no local data for type-check@https://registry.npmjs.org/type-check/-/type-check-0.4.0.tgz. Extracting by manifest.
1244 silly tarball no local data for json-buffer@https://registry.npmjs.org/json-buffer/-/json-buffer-3.0.1.tgz. Extracting by manifest.
1245 silly tarball no local data for yallist@https://registry.npmjs.org/yallist/-/yallist-3.1.1.tgz. Extracting by manifest.
1246 silly tarball no local data for is-extglob@https://registry.npmjs.org/is-extglob/-/is-extglob-2.1.1.tgz. Extracting by manifest.
1247 silly tarball no local data for hermes-estree@https://registry.npmjs.org/hermes-estree/-/hermes-estree-0.25.1.tgz. Extracting by manifest.
1248 silly tarball no local data for keyv@https://registry.npmjs.org/keyv/-/keyv-4.5.4.tgz. Extracting by manifest.
1249 silly tarball no local data for path-exists@https://registry.npmjs.org/path-exists/-/path-exists-4.0.0.tgz. Extracting by manifest.
1250 silly tarball no local data for locate-path@https://registry.npmjs.org/locate-path/-/locate-path-6.0.0.tgz. Extracting by manifest.
1251 silly tarball no local data for flat-cache@https://registry.npmjs.org/flat-cache/-/flat-cache-4.0.1.tgz. Extracting by manifest.
1252 silly tarball no local data for p-locate@https://registry.npmjs.org/p-locate/-/p-locate-5.0.0.tgz. Extracting by manifest.
1253 silly tarball no local data for acorn-jsx@https://registry.npmjs.org/acorn-jsx/-/acorn-jsx-5.3.2.tgz. Extracting by manifest.
1254 silly tarball no local data for prelude-ls@https://registry.npmjs.org/prelude-ls/-/prelude-ls-1.2.1.tgz. Extracting by manifest.
1255 silly tarball no local data for flatted@https://registry.npmjs.org/flatted/-/flatted-3.4.2.tgz. Extracting by manifest.
1256 silly tarball no local data for acorn@https://registry.npmjs.org/acorn/-/acorn-8.16.0.tgz. Extracting by manifest.
1257 silly tarball no local data for esrecurse@https://registry.npmjs.org/esrecurse/-/esrecurse-4.3.0.tgz. Extracting by manifest.
1258 silly tarball no local data for update-browserslist-db@https://registry.npmjs.org/update-browserslist-db/-/update-browserslist-db-1.2.3.tgz. Extracting by manifest.
1259 silly tarball no local data for @types/esrecurse@https://registry.npmjs.org/@types/esrecurse/-/esrecurse-4.3.1.tgz. Extracting by manifest.
1260 silly tarball no local data for estraverse@https://registry.npmjs.org/estraverse/-/estraverse-5.3.0.tgz. Extracting by manifest.
1261 silly tarball no local data for node-releases@https://registry.npmjs.org/node-releases/-/node-releases-2.0.46.tgz. Extracting by manifest.
1262 silly tarball no local data for electron-to-chromium@https://registry.npmjs.org/electron-to-chromium/-/electron-to-chromium-1.5.361.tgz. Extracting by manifest.
1263 silly tarball no local data for baseline-browser-mapping@https://registry.npmjs.org/baseline-browser-mapping/-/baseline-browser-mapping-2.10.32.tgz. Extracting by manifest.
1264 silly tarball no local data for caniuse-lite@https://registry.npmjs.org/caniuse-lite/-/caniuse-lite-1.0.30001793.tgz. Extracting by manifest.
1265 silly tarball no local data for @jridgewell/resolve-uri@https://registry.npmjs.org/@jridgewell/resolve-uri/-/resolve-uri-3.1.2.tgz. Extracting by manifest.
1266 silly tarball no local data for lru-cache@https://registry.npmjs.org/lru-cache/-/lru-cache-5.1.1.tgz. Extracting by manifest.
1267 silly tarball no local data for @jridgewell/sourcemap-codec@https://registry.npmjs.org/@jridgewell/sourcemap-codec/-/sourcemap-codec-1.5.5.tgz. Extracting by manifest.
1268 silly tarball no local data for browserslist@https://registry.npmjs.org/browserslist/-/browserslist-4.28.2.tgz. Extracting by manifest.
1269 silly tarball no local data for @babel/helper-string-parser@https://registry.npmjs.org/@babel/helper-string-parser/-/helper-string-parser-7.27.1.tgz. Extracting by manifest.
1270 silly tarball no local data for @babel/helper-module-imports@https://registry.npmjs.org/@babel/helper-module-imports/-/helper-module-imports-7.28.6.tgz. Extracting by manifest.
1271 silly tarball no local data for @babel/helper-globals@https://registry.npmjs.org/@babel/helper-globals/-/helper-globals-7.28.0.tgz. Extracting by manifest.
1272 silly tarball no local data for jsesc@https://registry.npmjs.org/jsesc/-/jsesc-3.1.0.tgz. Extracting by manifest.
1273 silly tarball no local data for @babel/compat-data@https://registry.npmjs.org/@babel/compat-data/-/compat-data-7.29.3.tgz. Extracting by manifest.
1274 silly tarball no local data for @jridgewell/gen-mapping@https://registry.npmjs.org/@jridgewell/gen-mapping/-/gen-mapping-0.3.13.tgz. Extracting by manifest.
1275 silly tarball no local data for @babel/helper-validator-option@https://registry.npmjs.org/@babel/helper-validator-option/-/helper-validator-option-7.27.1.tgz. Extracting by manifest.
1276 silly tarball no local data for picocolors@https://registry.npmjs.org/picocolors/-/picocolors-1.1.1.tgz. Extracting by manifest.
1277 silly tarball no local data for @jridgewell/trace-mapping@https://registry.npmjs.org/@jridgewell/trace-mapping/-/trace-mapping-0.3.31.tgz. Extracting by manifest.
1278 silly tarball no local data for @babel/helper-validator-identifier@https://registry.npmjs.org/@babel/helper-validator-identifier/-/helper-validator-identifier-7.28.5.tgz. Extracting by manifest.
1279 silly tarball no local data for semver@https://registry.npmjs.org/semver/-/semver-6.3.1.tgz. Extracting by manifest.
1280 silly tarball no local data for json5@https://registry.npmjs.org/json5/-/json5-2.2.3.tgz. Extracting by manifest.
1281 silly tarball no local data for @jridgewell/remapping@https://registry.npmjs.org/@jridgewell/remapping/-/remapping-2.3.5.tgz. Extracting by manifest.
1282 silly tarball no local data for convert-source-map@https://registry.npmjs.org/convert-source-map/-/convert-source-map-2.0.0.tgz. Extracting by manifest.
1283 silly tarball no local data for gensync@https://registry.npmjs.org/gensync/-/gensync-1.0.0-beta.2.tgz. Extracting by manifest.
1284 silly tarball no local data for js-tokens@https://registry.npmjs.org/js-tokens/-/js-tokens-4.0.0.tgz. Extracting by manifest.
1285 silly tarball no local data for @babel/types@https://registry.npmjs.org/@babel/types/-/types-7.29.0.tgz. Extracting by manifest.
1286 silly tarball no local data for @babel/traverse@https://registry.npmjs.org/@babel/traverse/-/traverse-7.29.0.tgz. Extracting by manifest.
1287 silly tarball no local data for @babel/helpers@https://registry.npmjs.org/@babel/helpers/-/helpers-7.29.2.tgz. Extracting by manifest.
1288 silly tarball no local data for @babel/template@https://registry.npmjs.org/@babel/template/-/template-7.28.6.tgz. Extracting by manifest.
1289 silly tarball no local data for zod@https://registry.npmjs.org/zod/-/zod-4.4.3.tgz. Extracting by manifest.
1290 silly tarball no local data for @babel/helper-module-transforms@https://registry.npmjs.org/@babel/helper-module-transforms/-/helper-module-transforms-7.28.6.tgz. Extracting by manifest.
1291 silly tarball no local data for zod-validation-error@https://registry.npmjs.org/zod-validation-error/-/zod-validation-error-4.0.2.tgz. Extracting by manifest.
1292 silly tarball no local data for @babel/code-frame@https://registry.npmjs.org/@babel/code-frame/-/code-frame-7.29.0.tgz. Extracting by manifest.
1293 silly tarball no local data for @babel/helper-compilation-targets@https://registry.npmjs.org/@babel/helper-compilation-targets/-/helper-compilation-targets-7.28.6.tgz. Extracting by manifest.
1294 silly tarball no local data for @babel/generator@https://registry.npmjs.org/@babel/generator/-/generator-7.29.1.tgz. Extracting by manifest.
1295 silly tarball no local data for hermes-parser@https://registry.npmjs.org/hermes-parser/-/hermes-parser-0.25.1.tgz. Extracting by manifest.
1296 silly tarball no local data for @babel/parser@https://registry.npmjs.org/@babel/parser/-/parser-7.29.3.tgz. Extracting by manifest.
1297 silly tarball no local data for @babel/core@https://registry.npmjs.org/@babel/core/-/core-7.29.0.tgz. Extracting by manifest.
1298 silly tarball no local data for ms@https://registry.npmjs.org/ms/-/ms-2.1.3.tgz. Extracting by manifest.
1299 silly tarball no local data for which@https://registry.npmjs.org/which/-/which-2.0.2.tgz. Extracting by manifest.
1300 silly tarball no local data for shebang-command@https://registry.npmjs.org/shebang-command/-/shebang-command-2.0.0.tgz. Extracting by manifest.
1301 silly tarball no local data for uri-js@https://registry.npmjs.org/uri-js/-/uri-js-4.4.1.tgz. Extracting by manifest.
1302 silly tarball no local data for json-schema-traverse@https://registry.npmjs.org/json-schema-traverse/-/json-schema-traverse-0.4.1.tgz. Extracting by manifest.
1303 silly tarball no local data for fast-json-stable-stringify@https://registry.npmjs.org/fast-json-stable-stringify/-/fast-json-stable-stringify-2.1.0.tgz. Extracting by manifest.
1304 silly tarball no local data for @humanfs/types@https://registry.npmjs.org/@humanfs/types/-/types-0.15.0.tgz. Extracting by manifest.
1305 silly tarball no local data for @humanfs/core@https://registry.npmjs.org/@humanfs/core/-/core-0.19.2.tgz. Extracting by manifest.
1306 silly tarball no local data for levn@https://registry.npmjs.org/levn/-/levn-0.4.1.tgz. Extracting by manifest.
1307 silly tarball no local data for @types/json-schema@https://registry.npmjs.org/@types/json-schema/-/json-schema-7.0.15.tgz. Extracting by manifest.
1308 silly tarball no local data for @eslint/object-schema@https://registry.npmjs.org/@eslint/object-schema/-/object-schema-3.0.5.tgz. Extracting by manifest.
1309 silly tarball no local data for optionator@https://registry.npmjs.org/optionator/-/optionator-0.9.4.tgz. Extracting by manifest.
1310 silly tarball no local data for natural-compare@https://registry.npmjs.org/natural-compare/-/natural-compare-1.4.0.tgz. Extracting by manifest.
1311 silly tarball no local data for minimatch@https://registry.npmjs.org/minimatch/-/minimatch-10.2.5.tgz. Extracting by manifest.
1312 silly tarball no local data for json-stable-stringify-without-jsonify@https://registry.npmjs.org/json-stable-stringify-without-jsonify/-/json-stable-stringify-without-jsonify-1.0.1.tgz. Extracting by manifest.
1313 silly tarball no local data for imurmurhash@https://registry.npmjs.org/imurmurhash/-/imurmurhash-0.1.4.tgz. Extracting by manifest.
1314 silly tarball no local data for glob-parent@https://registry.npmjs.org/glob-parent/-/glob-parent-6.0.2.tgz. Extracting by manifest.
1315 silly tarball no local data for ignore@https://registry.npmjs.org/ignore/-/ignore-5.3.2.tgz. Extracting by manifest.
1316 silly tarball no local data for path-key@https://registry.npmjs.org/path-key/-/path-key-3.1.1.tgz. Extracting by manifest.
1317 silly tarball no local data for file-entry-cache@https://registry.npmjs.org/file-entry-cache/-/file-entry-cache-8.0.0.tgz. Extracting by manifest.
1318 silly tarball no local data for find-up@https://registry.npmjs.org/find-up/-/find-up-5.0.0.tgz. Extracting by manifest.
1319 silly tarball no local data for fast-deep-equal@https://registry.npmjs.org/fast-deep-equal/-/fast-deep-equal-3.1.3.tgz. Extracting by manifest.
1320 silly tarball no local data for esutils@https://registry.npmjs.org/esutils/-/esutils-2.0.3.tgz. Extracting by manifest.
1321 silly tarball no local data for esquery@https://registry.npmjs.org/esquery/-/esquery-1.7.0.tgz. Extracting by manifest.
1322 silly tarball no local data for espree@https://registry.npmjs.org/espree/-/espree-11.2.0.tgz. Extracting by manifest.
1323 silly tarball no local data for eslint-visitor-keys@https://registry.npmjs.org/eslint-visitor-keys/-/eslint-visitor-keys-5.0.1.tgz. Extracting by manifest.
1324 silly tarball no local data for eslint-scope@https://registry.npmjs.org/eslint-scope/-/eslint-scope-9.1.2.tgz. Extracting by manifest.
1325 silly tarball no local data for escape-string-regexp@https://registry.npmjs.org/escape-string-regexp/-/escape-string-regexp-4.0.0.tgz. Extracting by manifest.
1326 silly tarball no local data for debug@https://registry.npmjs.org/debug/-/debug-4.4.3.tgz. Extracting by manifest.
1327 silly tarball no local data for cross-spawn@https://registry.npmjs.org/cross-spawn/-/cross-spawn-7.0.6.tgz. Extracting by manifest.
1328 silly tarball no local data for ajv@https://registry.npmjs.org/ajv/-/ajv-6.15.0.tgz. Extracting by manifest.
1329 silly tarball no local data for @types/estree@https://registry.npmjs.org/@types/estree/-/estree-1.0.9.tgz. Extracting by manifest.
1330 silly tarball no local data for @eslint/plugin-kit@https://registry.npmjs.org/@eslint/plugin-kit/-/plugin-kit-0.7.1.tgz. Extracting by manifest.
1331 silly tarball no local data for @humanfs/node@https://registry.npmjs.org/@humanfs/node/-/node-0.16.8.tgz. Extracting by manifest.
1332 silly tarball no local data for @humanwhocodes/module-importer@https://registry.npmjs.org/@humanwhocodes/module-importer/-/module-importer-1.0.1.tgz. Extracting by manifest.
1333 silly tarball no local data for @humanwhocodes/retry@https://registry.npmjs.org/@humanwhocodes/retry/-/retry-0.4.3.tgz. Extracting by manifest.
1334 silly tarball no local data for @eslint-community/regexpp@https://registry.npmjs.org/@eslint-community/regexpp/-/regexpp-4.12.2.tgz. Extracting by manifest.
1335 silly tarball no local data for @eslint-community/eslint-utils@https://registry.npmjs.org/@eslint-community/eslint-utils/-/eslint-utils-4.9.1.tgz. Extracting by manifest.
1336 silly tarball no local data for @eslint/core@https://registry.npmjs.org/@eslint/core/-/core-1.2.1.tgz. Extracting by manifest.
1337 silly tarball no local data for is-glob@https://registry.npmjs.org/is-glob/-/is-glob-4.0.3.tgz. Extracting by manifest.
1338 silly tarball no local data for @eslint/config-helpers@https://registry.npmjs.org/@eslint/config-helpers/-/config-helpers-0.6.0.tgz. Extracting by manifest.
1339 silly tarball no local data for @eslint/config-array@https://registry.npmjs.org/@eslint/config-array/-/config-array-0.23.5.tgz. Extracting by manifest.
1340 silly tarball no local data for @rolldown/pluginutils@https://registry.npmjs.org/@rolldown/pluginutils/-/pluginutils-1.0.1.tgz. Extracting by manifest.
1341 silly tarball no local data for csstype@https://registry.npmjs.org/csstype/-/csstype-3.2.3.tgz. Extracting by manifest.
1342 silly tarball no local data for eslint-plugin-react-hooks@https://registry.npmjs.org/eslint-plugin-react-hooks/-/eslint-plugin-react-hooks-7.1.1.tgz. Extracting by manifest.
1343 silly tarball no local data for @vitejs/plugin-react@https://registry.npmjs.org/@vitejs/plugin-react/-/plugin-react-6.0.2.tgz. Extracting by manifest.
1344 silly tarball no local data for globals@https://registry.npmjs.org/globals/-/globals-17.6.0.tgz. Extracting by manifest.
1345 silly tarball no local data for eslint-plugin-react-refresh@https://registry.npmjs.org/eslint-plugin-react-refresh/-/eslint-plugin-react-refresh-0.5.2.tgz. Extracting by manifest.
1346 silly tarball no local data for react@https://registry.npmjs.org/react/-/react-19.2.6.tgz. Extracting by manifest.
1347 silly tarball no local data for @types/react@https://registry.npmjs.org/@types/react/-/react-19.2.15.tgz. Extracting by manifest.
1348 silly tarball no local data for vite@https://registry.npmjs.org/vite/-/vite-8.0.14.tgz. Extracting by manifest.
1349 silly tarball no local data for react-dom@https://registry.npmjs.org/react-dom/-/react-dom-19.2.6.tgz. Extracting by manifest.
1350 silly tarball no local data for eslint@https://registry.npmjs.org/eslint/-/eslint-10.4.0.tgz. Extracting by manifest.
1351 silly tarball no local data for @eslint/js@https://registry.npmjs.org/@eslint/js/-/js-10.0.1.tgz. Extracting by manifest.
1352 silly tarball no local data for @types/react-dom@https://registry.npmjs.org/@types/react-dom/-/react-dom-19.2.3.tgz. Extracting by manifest.
1353 silly tarball no local data for eslint-visitor-keys@https://registry.npmjs.org/eslint-visitor-keys/-/eslint-visitor-keys-3.4.3.tgz. Extracting by manifest.
1354 http fetch GET 200 https://registry.npmjs.org/nanoid/-/nanoid-3.3.12.tgz 202ms (cache miss)
1355 http fetch GET 200 https://registry.npmjs.org/fdir/-/fdir-6.5.0.tgz 209ms (cache miss)
1356 http fetch GET 200 https://registry.npmjs.org/isexe/-/isexe-2.0.0.tgz 211ms (cache miss)
1357 http fetch GET 200 https://registry.npmjs.org/@oxc-project/types/-/types-0.132.0.tgz 218ms (cache miss)
1358 http fetch POST 200 https://registry.npmjs.org/-/npm/v1/security/advisories/bulk 316ms
1359 silly audit report {}
1360 http fetch GET 200 https://registry.npmjs.org/escalade/-/escalade-3.2.0.tgz 247ms (cache miss)
1361 http fetch GET 200 https://registry.npmjs.org/shebang-regex/-/shebang-regex-3.0.0.tgz 272ms (cache miss)
1362 http fetch GET 200 https://registry.npmjs.org/tinyglobby/-/tinyglobby-0.2.16.tgz 278ms (cache miss)
1363 http fetch GET 200 https://registry.npmjs.org/tslib/-/tslib-2.8.1.tgz 297ms (cache miss)
1364 http fetch GET 200 https://registry.npmjs.org/picomatch/-/picomatch-4.0.4.tgz 301ms (cache miss)
1365 http fetch GET 200 https://registry.npmjs.org/yocto-queue/-/yocto-queue-0.1.0.tgz 321ms (cache miss)
1366 http fetch GET 200 https://registry.npmjs.org/p-limit/-/p-limit-3.1.0.tgz 336ms (cache miss)
1367 http fetch GET 200 https://registry.npmjs.org/word-wrap/-/word-wrap-1.2.5.tgz 342ms (cache miss)
1368 http fetch GET 200 https://registry.npmjs.org/@emnapi/wasi-threads/-/wasi-threads-1.2.1.tgz 348ms (cache miss)
1369 http fetch GET 200 https://registry.npmjs.org/balanced-match/-/balanced-match-4.0.4.tgz 357ms (cache miss)
1370 http fetch GET 200 https://registry.npmjs.org/deep-is/-/deep-is-0.1.4.tgz 359ms (cache miss)
1371 http fetch GET 200 https://registry.npmjs.org/fast-levenshtein/-/fast-levenshtein-2.0.6.tgz 369ms (cache miss)
1372 http fetch GET 200 https://registry.npmjs.org/json-buffer/-/json-buffer-3.0.1.tgz 403ms (cache miss)
1373 http fetch GET 200 https://registry.npmjs.org/yallist/-/yallist-3.1.1.tgz 408ms (cache miss)
1374 http fetch GET 200 https://registry.npmjs.org/is-extglob/-/is-extglob-2.1.1.tgz 429ms (cache miss)
1375 http fetch GET 200 https://registry.npmjs.org/keyv/-/keyv-4.5.4.tgz 450ms (cache miss)
1376 http fetch GET 200 https://registry.npmjs.org/path-exists/-/path-exists-4.0.0.tgz 452ms (cache miss)
1377 http fetch GET 200 https://registry.npmjs.org/locate-path/-/locate-path-6.0.0.tgz 476ms (cache miss)
1378 http fetch GET 200 https://registry.npmjs.org/p-locate/-/p-locate-5.0.0.tgz 493ms (cache miss)
1379 http fetch GET 200 https://registry.npmjs.org/scheduler/-/scheduler-0.27.0.tgz 502ms (cache miss)
1380 http fetch GET 200 https://registry.npmjs.org/flat-cache/-/flat-cache-4.0.1.tgz 516ms (cache miss)
1381 http fetch GET 200 https://registry.npmjs.org/type-check/-/type-check-0.4.0.tgz 519ms (cache miss)
1382 http fetch GET 200 https://registry.npmjs.org/punycode/-/punycode-2.3.1.tgz 524ms (cache miss)
1383 http fetch GET 200 https://registry.npmjs.org/acorn-jsx/-/acorn-jsx-5.3.2.tgz 542ms (cache miss)
1384 http fetch GET 200 https://registry.npmjs.org/esrecurse/-/esrecurse-4.3.0.tgz 545ms (cache miss)
1385 http fetch GET 200 https://registry.npmjs.org/@types/esrecurse/-/esrecurse-4.3.1.tgz 563ms (cache miss)
1386 http fetch GET 200 https://registry.npmjs.org/update-browserslist-db/-/update-browserslist-db-1.2.3.tgz 563ms (cache miss)
1387 http fetch GET 200 https://registry.npmjs.org/node-releases/-/node-releases-2.0.46.tgz 572ms (cache miss)
1388 http fetch GET 200 https://registry.npmjs.org/brace-expansion/-/brace-expansion-5.0.6.tgz 597ms (cache miss)
1389 http fetch GET 200 https://registry.npmjs.org/detect-libc/-/detect-libc-2.1.2.tgz 605ms (cache miss)
1390 http fetch GET 200 https://registry.npmjs.org/lru-cache/-/lru-cache-5.1.1.tgz 625ms (cache miss)
1391 http fetch GET 200 https://registry.npmjs.org/estraverse/-/estraverse-5.3.0.tgz 628ms (cache miss)
1392 http fetch GET 200 https://registry.npmjs.org/prelude-ls/-/prelude-ls-1.2.1.tgz 656ms (cache miss)
1393 http fetch GET 200 https://registry.npmjs.org/@jridgewell/resolve-uri/-/resolve-uri-3.1.2.tgz 674ms (cache miss)
1394 http fetch GET 200 https://registry.npmjs.org/@babel/helper-globals/-/helper-globals-7.28.0.tgz 672ms (cache miss)
1395 http fetch GET 200 https://registry.npmjs.org/jsesc/-/jsesc-3.1.0.tgz 680ms (cache miss)
1396 http fetch GET 200 https://registry.npmjs.org/lightningcss/-/lightningcss-1.32.0.tgz 699ms (cache miss)
1397 http fetch GET 200 https://registry.npmjs.org/@babel/helper-string-parser/-/helper-string-parser-7.27.1.tgz 712ms (cache miss)
1398 http fetch GET 200 https://registry.npmjs.org/baseline-browser-mapping/-/baseline-browser-mapping-2.10.32.tgz 717ms (cache miss)
1399 http fetch GET 200 https://registry.npmjs.org/picocolors/-/picocolors-1.1.1.tgz 724ms (cache miss)
1400 http fetch GET 200 https://registry.npmjs.org/hermes-estree/-/hermes-estree-0.25.1.tgz 778ms (cache miss)
1401 http fetch GET 200 https://registry.npmjs.org/@babel/helper-validator-identifier/-/helper-validator-identifier-7.28.5.tgz 769ms (cache miss)
1402 http fetch GET 200 https://registry.npmjs.org/@babel/helper-module-imports/-/helper-module-imports-7.28.6.tgz 774ms (cache miss)
1403 http fetch GET 200 https://registry.npmjs.org/flatted/-/flatted-3.4.2.tgz 779ms (cache miss)
1404 http fetch GET 200 https://registry.npmjs.org/@babel/helper-validator-option/-/helper-validator-option-7.27.1.tgz 775ms (cache miss)
1405 http fetch GET 200 https://registry.npmjs.org/convert-source-map/-/convert-source-map-2.0.0.tgz 788ms (cache miss)
1406 http fetch GET 200 https://registry.npmjs.org/semver/-/semver-6.3.1.tgz 806ms (cache miss)
1407 http fetch GET 200 https://registry.npmjs.org/browserslist/-/browserslist-4.28.2.tgz 816ms (cache miss)
1408 http fetch GET 200 https://registry.npmjs.org/js-tokens/-/js-tokens-4.0.0.tgz 851ms (cache miss)
1409 http fetch GET 200 https://registry.npmjs.org/gensync/-/gensync-1.0.0-beta.2.tgz 871ms (cache miss)
1410 http fetch GET 200 https://registry.npmjs.org/acorn/-/acorn-8.16.0.tgz 901ms (cache miss)
1411 http fetch GET 200 https://registry.npmjs.org/source-map-js/-/source-map-js-1.2.1.tgz 920ms (cache miss)
1412 http fetch GET 200 https://registry.npmjs.org/@babel/compat-data/-/compat-data-7.29.3.tgz 908ms (cache miss)
1413 http fetch GET 200 https://registry.npmjs.org/@babel/code-frame/-/code-frame-7.29.0.tgz 921ms (cache miss)
1414 http fetch GET 200 https://registry.npmjs.org/electron-to-chromium/-/electron-to-chromium-1.5.361.tgz 953ms (cache miss)
1415 http fetch GET 200 https://registry.npmjs.org/@jridgewell/sourcemap-codec/-/sourcemap-codec-1.5.5.tgz 978ms (cache miss)
1416 http fetch GET 200 https://registry.npmjs.org/@emnapi/runtime/-/runtime-1.10.0.tgz 995ms (cache miss)
1417 http fetch GET 200 https://registry.npmjs.org/@tybys/wasm-util/-/wasm-util-0.10.2.tgz 1006ms (cache miss)
1418 http fetch GET 200 https://registry.npmjs.org/json5/-/json5-2.2.3.tgz 1008ms (cache miss)
1419 http fetch GET 200 https://registry.npmjs.org/postcss/-/postcss-8.5.15.tgz 1031ms (cache miss)
1420 http fetch GET 200 https://registry.npmjs.org/@babel/template/-/template-7.28.6.tgz 1022ms (cache miss)
1421 http fetch GET 200 https://registry.npmjs.org/zod-validation-error/-/zod-validation-error-4.0.2.tgz 1027ms (cache miss)
1422 http fetch GET 200 https://registry.npmjs.org/@jridgewell/gen-mapping/-/gen-mapping-0.3.13.tgz 1047ms (cache miss)
1423 http fetch GET 200 https://registry.npmjs.org/ms/-/ms-2.1.3.tgz 1056ms (cache miss)
1424 http fetch GET 200 https://registry.npmjs.org/rolldown/-/rolldown-1.0.2.tgz 1087ms (cache miss)
1425 http fetch GET 200 https://registry.npmjs.org/@jridgewell/remapping/-/remapping-2.3.5.tgz 1077ms (cache miss)
1426 http fetch GET 200 https://registry.npmjs.org/@babel/helper-compilation-targets/-/helper-compilation-targets-7.28.6.tgz 1078ms (cache miss)
1427 http fetch GET 200 https://registry.npmjs.org/which/-/which-2.0.2.tgz 1090ms (cache miss)
1428 http fetch GET 200 https://registry.npmjs.org/shebang-command/-/shebang-command-2.0.0.tgz 1093ms (cache miss)
1429 http fetch GET 200 https://registry.npmjs.org/@emnapi/core/-/core-1.10.0.tgz 1123ms (cache miss)
1430 http fetch GET 200 https://registry.npmjs.org/json-schema-traverse/-/json-schema-traverse-0.4.1.tgz 1122ms (cache miss)
1431 http fetch GET 200 https://registry.npmjs.org/@jridgewell/trace-mapping/-/trace-mapping-0.3.31.tgz 1162ms (cache miss)
1432 http fetch GET 200 https://registry.npmjs.org/fast-json-stable-stringify/-/fast-json-stable-stringify-2.1.0.tgz 1197ms (cache miss)
1433 http fetch GET 200 https://registry.npmjs.org/@humanfs/types/-/types-0.15.0.tgz 1215ms (cache miss)
1434 http fetch GET 200 https://registry.npmjs.org/@babel/generator/-/generator-7.29.1.tgz 1250ms (cache miss)
1435 http fetch GET 200 https://registry.npmjs.org/levn/-/levn-0.4.1.tgz 1309ms (cache miss)
1436 http fetch GET 200 https://registry.npmjs.org/@babel/helper-module-transforms/-/helper-module-transforms-7.28.6.tgz 1323ms (cache miss)
1437 http fetch GET 200 https://registry.npmjs.org/@babel/traverse/-/traverse-7.29.0.tgz 1335ms (cache miss)
1438 http fetch GET 200 https://registry.npmjs.org/@humanfs/core/-/core-0.19.2.tgz 1360ms (cache miss)
1439 http fetch GET 200 https://registry.npmjs.org/natural-compare/-/natural-compare-1.4.0.tgz 1384ms (cache miss)
1440 http fetch GET 200 https://registry.npmjs.org/@types/json-schema/-/json-schema-7.0.15.tgz 1393ms (cache miss)
1441 http fetch GET 200 https://registry.npmjs.org/json-stable-stringify-without-jsonify/-/json-stable-stringify-without-jsonify-1.0.1.tgz 1404ms (cache miss)
1442 http fetch GET 200 https://registry.npmjs.org/optionator/-/optionator-0.9.4.tgz 1419ms (cache miss)
1443 http fetch GET 200 https://registry.npmjs.org/glob-parent/-/glob-parent-6.0.2.tgz 1436ms (cache miss)
1444 http fetch GET 200 https://registry.npmjs.org/imurmurhash/-/imurmurhash-0.1.4.tgz 1442ms (cache miss)
1445 http fetch GET 200 https://registry.npmjs.org/find-up/-/find-up-5.0.0.tgz 1463ms (cache miss)
1446 http fetch GET 200 https://registry.npmjs.org/path-key/-/path-key-3.1.1.tgz 1471ms (cache miss)
1447 http fetch GET 200 https://registry.npmjs.org/ignore/-/ignore-5.3.2.tgz 1486ms (cache miss)
1448 http fetch GET 200 https://registry.npmjs.org/file-entry-cache/-/file-entry-cache-8.0.0.tgz 1485ms (cache miss)
1449 http fetch GET 200 https://registry.npmjs.org/fast-deep-equal/-/fast-deep-equal-3.1.3.tgz 1510ms (cache miss)
1450 http fetch GET 200 https://registry.npmjs.org/@eslint/object-schema/-/object-schema-3.0.5.tgz 1514ms (cache miss)
1451 http fetch GET 200 https://registry.npmjs.org/esutils/-/esutils-2.0.3.tgz 1532ms (cache miss)
1452 http fetch GET 200 https://registry.npmjs.org/eslint-visitor-keys/-/eslint-visitor-keys-5.0.1.tgz 1551ms (cache miss)
1453 http fetch GET 200 https://registry.npmjs.org/escape-string-regexp/-/escape-string-regexp-4.0.0.tgz 1572ms (cache miss)
1454 http fetch GET 200 https://registry.npmjs.org/espree/-/espree-11.2.0.tgz 1589ms (cache miss)
1455 http fetch GET 200 https://registry.npmjs.org/cross-spawn/-/cross-spawn-7.0.6.tgz 1621ms (cache miss)
1456 http fetch GET 200 https://registry.npmjs.org/debug/-/debug-4.4.3.tgz 1647ms (cache miss)
1457 http fetch GET 200 https://registry.npmjs.org/eslint-scope/-/eslint-scope-9.1.2.tgz 1658ms (cache miss)
1458 http fetch GET 200 https://registry.npmjs.org/@types/estree/-/estree-1.0.9.tgz 1675ms (cache miss)
1459 http fetch GET 200 https://registry.npmjs.org/@humanfs/node/-/node-0.16.8.tgz 1733ms (cache miss)
1460 http fetch GET 200 https://registry.npmjs.org/@humanwhocodes/module-importer/-/module-importer-1.0.1.tgz 1768ms (cache miss)
1461 http fetch GET 200 https://registry.npmjs.org/@humanwhocodes/retry/-/retry-0.4.3.tgz 1809ms (cache miss)
1462 http fetch GET 200 https://registry.npmjs.org/is-glob/-/is-glob-4.0.3.tgz 1809ms (cache miss)
1463 http fetch GET 200 https://registry.npmjs.org/@eslint/plugin-kit/-/plugin-kit-0.7.1.tgz 1859ms (cache miss)
1464 http fetch GET 200 https://registry.npmjs.org/@rolldown/pluginutils/-/pluginutils-1.0.1.tgz 1867ms (cache miss)
1465 http fetch GET 200 https://registry.npmjs.org/minimatch/-/minimatch-10.2.5.tgz 1881ms (cache miss)
1466 http fetch GET 200 https://registry.npmjs.org/uri-js/-/uri-js-4.4.1.tgz 1890ms (cache miss)
1467 http fetch GET 200 https://registry.npmjs.org/@eslint/core/-/core-1.2.1.tgz 1888ms (cache miss)
1468 http fetch GET 200 https://registry.npmjs.org/@eslint/config-helpers/-/config-helpers-0.6.0.tgz 1932ms (cache miss)
1469 http fetch GET 200 https://registry.npmjs.org/@babel/core/-/core-7.29.0.tgz 1961ms (cache miss)
1470 http fetch GET 200 https://registry.npmjs.org/eslint-plugin-react-refresh/-/eslint-plugin-react-refresh-0.5.2.tgz 1977ms (cache miss)
1471 http fetch GET 200 https://registry.npmjs.org/@eslint-community/regexpp/-/regexpp-4.12.2.tgz 1999ms (cache miss)
1472 http fetch GET 200 https://registry.npmjs.org/@vitejs/plugin-react/-/plugin-react-6.0.2.tgz 2024ms (cache miss)
1473 http fetch GET 200 https://registry.npmjs.org/globals/-/globals-17.6.0.tgz 2054ms (cache miss)
1474 http fetch GET 200 https://registry.npmjs.org/esquery/-/esquery-1.7.0.tgz 2077ms (cache miss)
1475 http fetch GET 200 https://registry.npmjs.org/@eslint-community/eslint-utils/-/eslint-utils-4.9.1.tgz 2099ms (cache miss)
1476 http fetch GET 200 https://registry.npmjs.org/@eslint/js/-/js-10.0.1.tgz 2115ms (cache miss)
1477 http fetch GET 200 https://registry.npmjs.org/eslint-visitor-keys/-/eslint-visitor-keys-3.4.3.tgz 2101ms (cache miss)
1478 http fetch GET 200 https://registry.npmjs.org/@types/react-dom/-/react-dom-19.2.3.tgz 2132ms (cache miss)
1479 http fetch GET 200 https://registry.npmjs.org/@eslint/config-array/-/config-array-0.23.5.tgz 2154ms (cache miss)
1480 http fetch GET 200 https://registry.npmjs.org/@napi-rs/wasm-runtime/-/wasm-runtime-1.1.4.tgz 2208ms (cache miss)
1481 http fetch GET 200 https://registry.npmjs.org/hermes-parser/-/hermes-parser-0.25.1.tgz 2186ms (cache miss)
1482 http fetch GET 200 https://registry.npmjs.org/@types/react/-/react-19.2.15.tgz 2210ms (cache miss)
1483 http fetch GET 200 https://registry.npmjs.org/react/-/react-19.2.6.tgz 2221ms (cache miss)
1484 http fetch GET 200 https://registry.npmjs.org/@babel/types/-/types-7.29.0.tgz 2259ms (cache miss)
1485 http fetch GET 200 https://registry.npmjs.org/csstype/-/csstype-3.2.3.tgz 2294ms (cache miss)
1486 http fetch GET 200 https://registry.npmjs.org/@babel/parser/-/parser-7.29.3.tgz 2327ms (cache miss)
1487 http fetch GET 200 https://registry.npmjs.org/@babel/helpers/-/helpers-7.29.2.tgz 2347ms (cache miss)
1488 http fetch GET 200 https://registry.npmjs.org/ajv/-/ajv-6.15.0.tgz 2353ms (cache miss)
1489 http fetch GET 200 https://registry.npmjs.org/eslint/-/eslint-10.4.0.tgz 3437ms (cache miss)
1490 http fetch GET 200 https://registry.npmjs.org/zod/-/zod-4.4.3.tgz 3600ms (cache miss)
1491 http fetch GET 200 https://registry.npmjs.org/eslint-plugin-react-hooks/-/eslint-plugin-react-hooks-7.1.1.tgz 3606ms (cache miss)
1492 http fetch GET 200 https://registry.npmjs.org/vite/-/vite-8.0.14.tgz 3663ms (cache miss)
1493 http fetch GET 200 https://registry.npmjs.org/react-dom/-/react-dom-19.2.6.tgz 3685ms (cache miss)
1494 http fetch GET 200 https://registry.npmjs.org/caniuse-lite/-/caniuse-lite-1.0.30001793.tgz 3720ms (cache miss)
1495 http fetch GET 200 https://registry.npmjs.org/lightningcss-win32-x64-msvc/-/lightningcss-win32-x64-msvc-1.32.0.tgz 4609ms (cache miss)
1496 http fetch GET 200 https://registry.npmjs.org/@rolldown/binding-win32-x64-msvc/-/binding-win32-x64-msvc-1.0.2.tgz 5975ms (cache miss)
1497 silly ADD node_modules/isexe
1498 silly ADD node_modules/fdir
1499 silly ADD
1500 silly ADD
1501 silly ADD
1502 silly ADD
1503 silly ADD
1504 silly ADD
1505 silly ADD node_modules/@rolldown/binding-win32-x64-msvc
1506 silly ADD
1507 silly ADD
1508 silly ADD
1509 silly ADD
1510 silly ADD
1511 silly ADD
1512 silly ADD
1513 silly ADD
1514 silly ADD
1515 silly ADD
1516 silly ADD
1517 silly ADD
1518 silly ADD
1519 silly ADD
1520 silly ADD node_modules/@oxc-project/types
1521 silly ADD node_modules/source-map-js
1522 silly ADD node_modules/nanoid
1523 silly ADD node_modules/lightningcss-win32-x64-msvc
1524 silly ADD
1525 silly ADD
1526 silly ADD
1527 silly ADD
1528 silly ADD
1529 silly ADD
1530 silly ADD
1531 silly ADD
1532 silly ADD
1533 silly ADD
1534 silly ADD node_modules/detect-libc
1535 silly ADD node_modules/tinyglobby
1536 silly ADD node_modules/rolldown
1537 silly ADD node_modules/postcss
1538 silly ADD node_modules/picomatch
1539 silly ADD node_modules/lightningcss
1540 silly ADD
1541 silly ADD node_modules/punycode
1542 silly ADD node_modules/escalade
1543 silly ADD node_modules/shebang-regex
1544 silly ADD node_modules/scheduler
1545 silly ADD node_modules/yocto-queue
1546 silly ADD node_modules/p-limit
1547 silly ADD node_modules/word-wrap
1548 silly ADD node_modules/fast-levenshtein
1549 silly ADD node_modules/deep-is
1550 silly ADD node_modules/balanced-match
1551 silly ADD node_modules/brace-expansion
1552 silly ADD node_modules/yallist
1553 silly ADD node_modules/p-locate
1554 silly ADD node_modules/type-check
1555 silly ADD node_modules/prelude-ls
1556 silly ADD node_modules/json-buffer
1557 silly ADD node_modules/is-extglob
1558 silly ADD node_modules/hermes-estree
1559 silly ADD node_modules/keyv
1560 silly ADD node_modules/flatted
1561 silly ADD node_modules/path-exists
1562 silly ADD node_modules/locate-path
1563 silly ADD node_modules/flat-cache
1564 silly ADD node_modules/acorn-jsx
1565 silly ADD node_modules/acorn
1566 silly ADD node_modules/estraverse
1567 silly ADD node_modules/esrecurse
1568 silly ADD node_modules/@types/esrecurse
1569 silly ADD node_modules/update-browserslist-db
1570 silly ADD node_modules/node-releases
1571 silly ADD node_modules/electron-to-chromium
1572 silly ADD node_modules/caniuse-lite
1573 silly ADD node_modules/baseline-browser-mapping
1574 silly ADD node_modules/@jridgewell/resolve-uri
1575 silly ADD node_modules/@jridgewell/sourcemap-codec
1576 silly ADD node_modules/@babel/helper-string-parser
1577 silly ADD node_modules/@babel/helper-globals
1578 silly ADD node_modules/@babel/helper-module-imports
1579 silly ADD node_modules/lru-cache
1580 silly ADD node_modules/browserslist
1581 silly ADD node_modules/@babel/helper-validator-option
1582 silly ADD node_modules/@babel/compat-data
1583 silly ADD node_modules/jsesc
1584 silly ADD node_modules/@jridgewell/trace-mapping
1585 silly ADD node_modules/@jridgewell/gen-mapping
1586 silly ADD node_modules/picocolors
1587 silly ADD node_modules/js-tokens
1588 silly ADD node_modules/@babel/helper-validator-identifier
1589 silly ADD node_modules/semver
1590 silly ADD node_modules/json5
1591 silly ADD node_modules/gensync
1592 silly ADD node_modules/convert-source-map
1593 silly ADD node_modules/@jridgewell/remapping
1594 silly ADD node_modules/@babel/types
1595 silly ADD node_modules/@babel/traverse
1596 silly ADD node_modules/@babel/template
1597 silly ADD node_modules/@babel/helpers
1598 silly ADD node_modules/@babel/helper-module-transforms
1599 silly ADD node_modules/@babel/helper-compilation-targets
1600 silly ADD node_modules/@babel/generator
1601 silly ADD node_modules/@babel/code-frame
1602 silly ADD node_modules/zod-validation-error
1603 silly ADD node_modules/zod
1604 silly ADD node_modules/hermes-parser
1605 silly ADD node_modules/@babel/parser
1606 silly ADD node_modules/@babel/core
1607 silly ADD node_modules/ms
1608 silly ADD node_modules/which
1609 silly ADD node_modules/shebang-command
1610 silly ADD node_modules/path-key
1611 silly ADD node_modules/uri-js
1612 silly ADD node_modules/json-schema-traverse
1613 silly ADD node_modules/fast-json-stable-stringify
1614 silly ADD node_modules/@humanfs/types
1615 silly ADD node_modules/@humanfs/core
1616 silly ADD node_modules/levn
1617 silly ADD node_modules/@types/json-schema
1618 silly ADD node_modules/@eslint/object-schema
1619 silly ADD node_modules/optionator
1620 silly ADD node_modules/natural-compare
1621 silly ADD node_modules/minimatch
1622 silly ADD node_modules/json-stable-stringify-without-jsonify
1623 silly ADD node_modules/is-glob
1624 silly ADD node_modules/imurmurhash
1625 silly ADD node_modules/ignore
1626 silly ADD node_modules/glob-parent
1627 silly ADD node_modules/find-up
1628 silly ADD node_modules/file-entry-cache
1629 silly ADD node_modules/fast-deep-equal
1630 silly ADD node_modules/esutils
1631 silly ADD node_modules/esquery
1632 silly ADD node_modules/espree
1633 silly ADD node_modules/eslint-visitor-keys
1634 silly ADD node_modules/eslint-scope
1635 silly ADD node_modules/escape-string-regexp
1636 silly ADD node_modules/debug
1637 silly ADD node_modules/cross-spawn
1638 silly ADD node_modules/ajv
1639 silly ADD node_modules/@types/estree
1640 silly ADD node_modules/@humanwhocodes/retry
1641 silly ADD node_modules/@humanwhocodes/module-importer
1642 silly ADD node_modules/@humanfs/node
1643 silly ADD node_modules/@eslint/plugin-kit
1644 silly ADD node_modules/@eslint/core
1645 silly ADD node_modules/@eslint/config-helpers
1646 silly ADD node_modules/@eslint/config-array
1647 silly ADD node_modules/@eslint-community/regexpp
1648 silly ADD node_modules/@eslint-community/eslint-utils
1649 silly ADD node_modules/@eslint-community/eslint-utils/node_modules/eslint-visitor-keys
1650 silly ADD node_modules/@rolldown/pluginutils
1651 silly ADD node_modules/csstype
1652 silly ADD node_modules/react-dom
1653 silly ADD node_modules/react
1654 silly ADD node_modules/globals
1655 silly ADD node_modules/eslint-plugin-react-refresh
1656 silly ADD node_modules/eslint-plugin-react-hooks
1657 silly ADD node_modules/eslint
1658 silly ADD node_modules/vite
1659 silly ADD node_modules/@vitejs/plugin-react
1660 silly ADD node_modules/@types/react-dom
1661 silly ADD node_modules/@types/react
1662 silly ADD node_modules/@eslint/js
1663 verbose cwd D:\crop_site\frontend
1664 verbose os Windows_NT 10.0.26100
1665 verbose node v22.12.0
1666 verbose npm  v11.0.0
1667 notice
1667 notice New minor version of npm available! 11.0.0 -> 11.15.0
1667 notice Changelog: https://github.com/npm/cli/releases/tag/v11.15.0
1667 notice To update run: npm install -g npm@11.15.0
1667 notice  { force: true, [Symbol(proc-log.meta)]: true }
1668 verbose exit 0
1669 info ok
